Image,Title,Price,Url
https://store.ryanspet.com/site/items/BG20484_1.default.jpg?resizeid=5&resizeh=400&resizew=400,Bio-Groom Eye-Care Unscented Pads - 25pk,$15.99,https://store.ryanspet.com/Bio-Groom-Eye-Care-Unscented-Pads-25pk
https://store.ryanspet.com/site/items/PBFS_1.default.jpg?resizeid=5&resizeh=400&resizew=400,Paw Brothers Gentle Facial Scrub & Tear Stain Remover,$10.99,https://store.ryanspet.com/Paw-Brothers-Facial-Scrub-Stain-Remover
https://store.ryanspet.com/site/items/NV03810_main-1.jpg?resizeid=5&resizeh=400&resizew=400,NaturVet Tear Stain Powder 200G,$17.99,https://store.ryanspet.com/NV03810
https://store.ryanspet.com/site/items/PPPA1200_main-1.jpg?resizeid=5&resizeh=400&resizew=400,AromaCare Tear Stain Remover Wipes 100 Count,$6.99,https://store.ryanspet.com/PPPA1200
https://store.ryanspet.com/site/items/RH424271_main-1.jpg?resizeid=5&resizeh=400&resizew=400,Miracle Care Eye Care Tear Stain Pads For Dogs And Cats,$9.09,https://store.ryanspet.com/RH424271
https://store.ryanspet.com/site/items/RH61184_main-1.jpg?resizeid=5&resizeh=400&resizew=400,Miracle Care Eye Clear 4 Oz,$10.29,https://store.ryanspet.com/RH61184
https://store.ryanspet.com/site/items/VW10039_main-1.jpg?resizeid=5&resizeh=400&resizew=400,Vet Worthy Tear Stain 4 Oz,$3.69,https://store.ryanspet.com/VW10039
https://store.ryanspet.com/site/items/VW10041_main-1.jpg?resizeid=5&resizeh=400&resizew=400,Vet Worthy Eye Wash For Irritation - 4 Oz,$3.69,https://store.ryanspet.com/VW10041
https://store.ryanspet.com/site/items/PTK5323_main-1.jpg?resizeid=5&resizeh=400&resizew=400,Petkin Gentle & Non-Toxic Eye Wipes For Pets - 80ct,$5.99,https://store.ryanspet.com/PTK5323
https://store.ryanspet.com/site/items/RH24295_main-1.jpg?resizeid=5&resizeh=400&resizew=400,Miracle Care Sterile Eye Wash 4 Oz,$7.09,https://store.ryanspet.com/RH24295
https://store.ryanspet.com/site/items/NV03814_main-1.jpg?resizeid=5&resizeh=400&resizew=400,NaturVet Topical Tear Stain Remover For Pets - 4oz,$8.99,https://store.ryanspet.com/NV03814
