Title,Price,Url,Image
Resco Deluxe Cat Nail Trimmer,$15.99,https://www.cherrybrook.com/resco-deluxe-cat-nail-trimmer/,https://cdn11.bigcommerce.com/s-9usi8/products/4816/images/12175/11-063-01__60564.1528392700.500.750.jpg?c=2
Vets Best Flea and Tick Home Spray for Cats 32oz,$15.99,https://www.cherrybrook.com/vets-best-flea-and-tick-home-spray-for-cats-32oz/,https://cdn11.bigcommerce.com/s-9usi8/products/9251/images/10043/07-VB08-C32__77881.1513884641.500.750.jpg?c=2
Resco Cat Nail Trimmer,$14.99,https://www.cherrybrook.com/resco-cat-nail-trimmer/,https://cdn11.bigcommerce.com/s-9usi8/products/4873/images/12174/11-063-02__22384.1528367809.500.750.png?c=2
"Bio-Groom Kuddly Kitty Tearless Shampoo for Kittens, 8oz bottle",$13.99,https://www.cherrybrook.com/bio-groom-kuddly-kitty-tearless-shampoo-for-kittens-8oz-bottle/,https://cdn11.bigcommerce.com/s-9usi8/products/12074/images/18431/03-452-08__41015.1646949908.500.750.jpg?c=2
"Bio-Groom Klean Kitty Waterless Shampoo, 8oz Bottle",$13.99,https://www.cherrybrook.com/bio-groom-klean-kitty-waterless-shampoo-8oz-bottle/,https://cdn11.bigcommerce.com/s-9usi8/products/12071/images/13529/03-453-08__53462.1543415717.500.750.jpg?c=2
Tomlyn Laxatone Chews 60 Count,$12.99,https://www.cherrybrook.com/tomlyn-laxatone-chews-60-count/,https://cdn11.bigcommerce.com/s-9usi8/products/4703/images/3912/05-320-01__50453.1447461634.500.750.jpg?c=2
Tomlyn Laxa-Stat Hairball Remedy 4.25oz,$12.99,https://www.cherrybrook.com/tomlyn-laxa-stat-hairball-remedy-4-25oz/,https://cdn11.bigcommerce.com/s-9usi8/products/4691/images/3900/05-232-2H__79501.1447461614.500.750.jpg?c=2
Tapa Chicken and Duck Cat Food Topper Case of 8 Pouches,$11.99,https://www.cherrybrook.com/tapa-chicken-and-duck-cat-food-topper-case-of-8-pouches/,https://cdn11.bigcommerce.com/s-9usi8/products/7675/images/7248/56-TA02__66450.1460662692.500.750.jpg?c=2
Miracle Care Ear Mite Treatment Kit for Cats,$11.49,https://www.cherrybrook.com/r-7m-ear-mite-treatment-kit-for-cats/,https://cdn11.bigcommerce.com/s-9usi8/products/12248/images/13784/05-R704-04__68121.1549905736.500.750.jpg?c=2
TropiClean Fresh Breath Drops for Cats 2.2oz,$9.99,https://www.cherrybrook.com/tropiclean-fresh-breath-drops-for-cats-2-2oz/,https://cdn11.bigcommerce.com/s-9usi8/products/11061/images/12160/05-TC21-01__02940.1528208194.500.750.jpg?c=2
Safari Cat Bristle Brush,$8.99,https://www.cherrybrook.com/safari-cat-bristle-brush/,https://cdn11.bigcommerce.com/s-9usi8/products/9300/images/10151/13-109-3__43319.1516385979.500.750.jpg?c=2
Lil Pals Double Sided Kitten Comb,$7.99,https://www.cherrybrook.com/lil-pals-double-sided-kitten-comb/,https://cdn11.bigcommerce.com/s-9usi8/products/4805/images/4013/14-C110__43450.1447461813.500.750.jpg?c=2
Lil Pals Slicker Brush for Kittens,$7.99,https://www.cherrybrook.com/lil-pals-slicker-brush-for-kittens/,https://cdn11.bigcommerce.com/s-9usi8/products/4920/images/18812/37-C111__69661.1663943583.500.750.jpg?c=2
Xtreme Catnip,$2.14,https://www.cherrybrook.com/xtreme-catnip/,https://cdn11.bigcommerce.com/s-9usi8/product_images/attribute_rule_images/428734_source_1533567202.jpg?vid=variantid_58096
Earth Soy Adjustable Breakaway Cat Collars 8 to 12-inch,$5.69,https://www.cherrybrook.com/earth-soy-adjustable-breakaway-cat-collars-8-to-12-inch/,https://cdn11.bigcommerce.com/s-9usi8/product_images/attribute_rule_images/425145_source_1523633973.jpg?vid=variantid_53929
Safe Cat Break Away Cat Collar,$7.49,https://www.cherrybrook.com/safe-cat-break-away-cat-collar/,https://cdn11.bigcommerce.com/s-9usi8/product_images/attribute_rule_images/626398_source_1563979618.jpg?vid=variantid_72540
Lil Pals Kitten Nail Trimmer,$7.49,https://www.cherrybrook.com/lil-pals-kitten-nail-trimmer/,https://cdn11.bigcommerce.com/s-9usi8/products/4870/images/4078/11-C058__58631.1447461953.500.750.jpg?c=2
"Multipet Lamb Chop 4"" Catnip Toy",$6.99,https://www.cherrybrook.com/multipet-lamb-chop-4-catnip-toy/,https://cdn11.bigcommerce.com/s-9usi8/products/11891/images/13313/41-LC01-01__43712.1540547173.500.750.jpg?c=2
EURO Meow Cat Magnet,$6.99,https://www.cherrybrook.com/euro-meow-cat-magnet/,https://cdn11.bigcommerce.com/s-9usi8/products/6764/images/5987/93-M006__84988.1448383120.500.750.jpg?c=2
A-Door-Able Action Toys,$6.39,https://www.cherrybrook.com/a-door-able-action-toys-1/,https://cdn11.bigcommerce.com/s-9usi8/products/4967/images/7348/41-006__56583.1463596437.500.750.jpg?c=2
Magnetic Pedigrees Cat Paw Magnets with Phrases,$5.99,https://www.cherrybrook.com/magnetic-pedigrees-cat-paw-magnets-with-phrases/,https://cdn11.bigcommerce.com/s-9usi8/product_images/attribute_rule_images/465644_source_1539285073.jpg?vid=variantid_64705
KONG Bat-A-Bout Chimes Cat Toys,$4.19,https://www.cherrybrook.com/kong-bat-a-bout-chimes-cat-toys/,https://cdn11.bigcommerce.com/s-9usi8/product_images/attribute_rule_images/425865_source_1524868795.jpg?vid=variantid_54768
KONG Cat Naturals Premium Catnip,$2.39,https://www.cherrybrook.com/kong-cat-naturals-premium-catnip/,https://cdn11.bigcommerce.com/s-9usi8/product_images/attribute_rule_images/623399_source_1563912398.jpg?vid=variantid_70500
Petmate Giant Litter Scoop,$3.99,https://www.cherrybrook.com/petmate-giant-litter-scoop/,https://cdn11.bigcommerce.com/s-9usi8/products/12997/images/14703/42-PM01-01__92207.1580315802.500.750.jpg?c=2
KONG Laser Toy,$5.99,https://www.cherrybrook.com/kong-laser-toy/,https://cdn11.bigcommerce.com/s-9usi8/products/7880/images/8765/CL4__07735.1492536311.500.750.jpg?c=2
SPOT Catnip Mice Cat Toy,$3.29,https://www.cherrybrook.com/spot-catnip-mice-cat-toy/,https://cdn11.bigcommerce.com/s-9usi8/products/8811/images/9364/41-E011-2__57312.1501103869.500.750.jpg?c=2
SPOT Wide Colorful Springs Cat Toy,$3.19,https://www.cherrybrook.com/spot-wide-colorful-springs-cat-toy/,https://cdn11.bigcommerce.com/s-9usi8/products/8810/images/9365/41-E010-10W__10465.1501103871.500.750.jpg?c=2
KONG Softies Catnip Mice 2 Pack,$3.99,https://www.cherrybrook.com/kong-softies-catnip-mice-2-pack/,https://cdn11.bigcommerce.com/s-9usi8/products/7881/images/8767/41-226-02__34338.1492536446.500.750.jpg?c=2
EURO Meow Auto Decal,$3.99,https://www.cherrybrook.com/euro-meow-auto-decal/,https://cdn11.bigcommerce.com/s-9usi8/products/6769/images/5992/93-D006__67100.1448383134.500.750.jpg?c=2
"Turbo Krinkle Balls Cat Toy 1.5"" - 4 Pack",$3.49,https://www.cherrybrook.com/turbo-krinkle-balls-cat-toy-1-5-4-pack/,https://cdn11.bigcommerce.com/s-9usi8/products/14203/images/16030/41-T002-02__17435.1599676531.500.750.gif?c=2
"Van Ness Litter Scoops Regular - 11"" L x 4.8"" W",$1.19,https://www.cherrybrook.com/van-ness-litter-scoops-regular-11-l-x-4-8-w/,https://cdn11.bigcommerce.com/s-9usi8/products/16200/images/21132/42-VN01-01__10449.1697226759.500.750.jpg?c=2
Rawz Shredded Chicken Breast & Egg - Case of Eight 2.46oz Pouches,$13.52,https://www.cherrybrook.com/rawz-shredded-chicken-breast-egg-case-of-eight-2-46oz-pouches/,https://cdn11.bigcommerce.com/s-9usi8/products/12880/images/14523/56-R029-PCS__21756.1573760289.500.750.jpg?c=2
Rawz Shredded Chicken Breast Pumpkin & Green Mussel - Case of Eight Pouches,$13.52,https://www.cherrybrook.com/rawz-shredded-chicken-breast-pumpkin-green-mussel-case-of-eight-pouches/,https://cdn11.bigcommerce.com/s-9usi8/products/12881/images/14524/56-R031-PCS__26518.1573760291.500.750.jpg?c=2
Safari Plastic Flea Comb,$0.99,https://www.cherrybrook.com/safari-plastic-flea-comb/,https://cdn11.bigcommerce.com/s-9usi8/products/9302/images/10153/14-106-1__74879.1516385830.500.750.jpg?c=2
Rawz Aujou Cat Shredded Chicken Breast & Pumpkin - Case of Eight Pouches,$13.52,https://www.cherrybrook.com/rawz-aujou-cat-shredded-chicken-breast-pumpkin-case-of-eight-pouches/,https://cdn11.bigcommerce.com/s-9usi8/products/11945/images/13367/56-R018-PCS__11762.1541096674.500.750.jpg?c=2
Rawz Shredded Chicken Breast & Coconut Oil - Case of Eight 2.46oz Pouches,$13.52,https://www.cherrybrook.com/rawz-shredded-chicken-breast-coconut-oil-case-of-eight-2-46oz-pouches/,https://cdn11.bigcommerce.com/s-9usi8/products/12904/images/14554/56-R030-PCS__76435.1574095081.500.750.jpg?c=2
Vets Best Flea and Tick Yard and Kennel Spray for Dogs and Cats 32oz,$24.99,https://www.cherrybrook.com/vets-best-flea-and-tick-yard-and-kennel-spray-for-dogs-and-cats-32oz/,https://cdn11.bigcommerce.com/s-9usi8/products/9249/images/10041/07-VB06-32__94248.1513884356.500.750.jpg?c=2
Arlee Cat Napz Happy Cat Napper,$23.99,https://www.cherrybrook.com/arlee-cat-napz-happy-cat-napper/,https://cdn11.bigcommerce.com/s-9usi8/products/12646/images/14270/29-AR03-01__74945.1565379562.500.750.jpg?c=2
Dr. Bob Goldstein Natureâ€™s Protection Flea & Tick Collar for Cats,$15.00,https://www.cherrybrook.com/dr-bob-goldstein-natures-protection-flea-tick-collar-for-cats/,https://cdn11.bigcommerce.com/s-9usi8/products/12710/images/14339/07-EA01-C1__81420.1566401949.500.750.jpg?c=2
Bayer Tapeworm Dewormer For Cats,$14.99,https://www.cherrybrook.com/bayer-tapeworm-dewormer-for-cats/,https://cdn11.bigcommerce.com/s-9usi8/products/8647/images/9086/05-B350-C01__22341.1497893597.500.750.jpg?c=2
Tomlyn Nutri-Cal Kitten 4.25oz,$12.99,https://www.cherrybrook.com/tomlyn-nutri-cal-kitten-4-25oz/,https://cdn11.bigcommerce.com/s-9usi8/products/4654/images/3863/05-233-K__57940.1447461547.500.750.jpg?c=2
KONG Wrangler Scratch Mouse,$9.49,https://www.cherrybrook.com/kong-wrangler-scratch-mouse/,https://cdn11.bigcommerce.com/s-9usi8/products/8589/images/8986/41-234__47816.1495270558.500.750.jpg?c=2
Go Cat Butterflier Teaser Wand,$6.95,https://www.cherrybrook.com/go-cat-butterflier-teaser-wand/,https://cdn11.bigcommerce.com/s-9usi8/products/11569/images/12918/41-206-07__82466.1536772561.500.750.jpg?c=2
KONG Active Scratch Apple,$7.99,https://www.cherrybrook.com/kong-active-scratch-apple/,https://cdn11.bigcommerce.com/s-9usi8/products/4958/images/4165/41-174-02__07672.1447462142.500.750.jpg?c=2
KONG Nibble Carrots,$4.99,https://www.cherrybrook.com/kong-nibble-carrots/,https://cdn11.bigcommerce.com/s-9usi8/products/13945/images/15697/41-K005-01__09454.1590694813.500.750.gif?c=2
Cat About Cat Grass Plus Single Serve,$4.99,https://www.cherrybrook.com/cat-about-cat-grass-plus-single-serve/,https://cdn11.bigcommerce.com/s-9usi8/products/12249/images/13785/41-CA01-01__93094.1549905712.500.750.jpg?c=2
"Turbo Fish with Feathers Cat Toy 6""",$2.49,https://www.cherrybrook.com/turbo-fish-with-feathers-cat-toy-6/,https://cdn11.bigcommerce.com/s-9usi8/products/14204/images/16029/41-T003-01__48107.1599676454.500.750.gif?c=2
Adidas GS (Grade School) Samba OG White/Black/Gum,$99.95,https://tiptopshoes.com/collections/boys-1/products/adidas-gs-grade-school-samba-og-white-black-gum,https://cdn.shopify.com/s/files/1/1974/6675/products/adidas-gs-grade-school-samba-og-whiteblackgum-1080382-tip-top-shoes-of-new-york-940088_600x600.jpg?v=1690489064
Adidas GS (Grade School) Samba OG Core Black/Cloud White/Gum,$99.95,https://tiptopshoes.com/collections/boys-1/products/adidas-boys-samba-og-core-black-cloud-white-gum,https://cdn.shopify.com/s/files/1/1974/6675/products/adidas-boys-samba-og-core-blackcloud-whitegum-5016372-tip-top-shoes-of-new-york-623219_600x600.jpg?v=1685017499
Naturino Boy's (Sizes 29-32) Caleb Black,$79.95,https://tiptopshoes.com/collections/boys-1/products/naturino-boys-sizes-29-32-caleb-black,https://cdn.shopify.com/s/files/1/1974/6675/products/naturino-boys-sizes-29-32-caleb-black-1076236-tip-top-shoes-of-new-york-384965_600x600.jpg?v=1692395447
Vans GS (Grade School) Sk8-Low True Blue/White,$49.95,https://tiptopshoes.com/collections/boys-1/products/vans-gs-grade-school-sk8-low-true-blue-white,https://cdn.shopify.com/s/files/1/1974/6675/products/vans-gs-grade-school-sk8-low-true-bluewhite-1075681-tip-top-shoes-of-new-york-464751_600x600.jpg?v=1689101350
Naturino Boys Albus Desert Black Suede 2 Velcro (Sizes 27-29),$79.95,https://tiptopshoes.com/collections/boys-1/products/naturino-boys-albus-desert-black-suede-2-velcro-sizes-30-35,https://cdn.shopify.com/s/files/1/1974/6675/products/naturino-boys-albus-desert-black-suede-2-velcro-sizes-27-29-1053814-914092_600x600.jpg?v=1660024084
Birkenstock Kid's Arizona Mocha Buc (Sizes 35-36),$110.00,https://tiptopshoes.com/collections/boys-1/products/birkenstock-arizona-mocca-buc-34,https://cdn.shopify.com/s/files/1/1974/6675/products/birkenstock-kids-arizona-mocha-buc-sizes-35-36-693297-104235_600x600.jpg?v=1637614344
Naturino (Sizes 27-32) Pinn White/Green/Blue,$79.95,https://tiptopshoes.com/collections/boys-1/products/naturino-sizes-27-32-pinn-white-green-blue,https://cdn.shopify.com/s/files/1/1974/6675/products/naturino-sizes-27-32-pinn-whitegreenblue-1075994-tip-top-shoes-of-new-york-744785_600x600.jpg?v=1695805327
New Balance PS (Preschool) PAARIBY4 Black/Yellow,$55.00,https://tiptopshoes.com/collections/boys-1/products/566584,https://cdn.shopify.com/s/files/1/1974/6675/products/new-balance-ps-preschool-paariby4-blackyellow-1070669-tip-top-shoes-of-new-york-514315_600x600.jpg?v=1679956331
Naturino (Sizes 27-32) Gemzie Navy Leather,$75.00,https://tiptopshoes.com/collections/boys-1/products/naturino-sizes-27-32-gemzie-navy-leather,https://cdn.shopify.com/s/files/1/1974/6675/products/naturino-sizes-27-32-gemzie-navy-leather-1078488-tip-top-shoes-of-new-york-256229_600x600.jpg?v=1691529011
Primigi Boy's (Sizes 36-40) Navy Hi Gore-Tex Waterproof,$119.95,https://tiptopshoes.com/collections/boys-1/products/primigi-boys-sizes-36-40-navy-hi-gore-tex-waterproof,https://cdn.shopify.com/s/files/1/1974/6675/products/primigi-boys-sizes-36-40-navy-hi-gore-tex-waterproof-1078164-tip-top-shoes-of-new-york-510497_600x600.jpg?v=1693291450
Primigi Boy's (Sizes 31-35) Black Hi Gore-Tex Waterproof,$115.00,https://tiptopshoes.com/collections/boys-1/products/primigi-boys-sizes-31-35-black-hi-gore-tex-waterproof-1,https://cdn.shopify.com/s/files/1/1974/6675/products/primigi-boys-sizes-31-35-black-hi-gore-tex-waterproof-1078140-tip-top-shoes-of-new-york-243941_600x600.jpg?v=1693291446
Primigi Boy's (Sizes 36-40) Navy/Blue Boot Gore-Tex Waterproof,$109.95,https://tiptopshoes.com/collections/boys-1/products/primigi-boys-sizes-36-40-navy-blue-boot-gore-tex-waterproof,https://cdn.shopify.com/s/files/1/1974/6675/products/primigi-boys-sizes-36-40-navyblue-boot-gore-tex-waterproof-1078117-tip-top-shoes-of-new-york-468955_600x600.jpg?v=1693291448
New Balance GS (Grade School) GC990GL6 Grey/Grey,$129.95,https://tiptopshoes.com/collections/boys-1/products/new-balance-gs-grade-school-gc990gl6-grey-grey,https://cdn.shopify.com/s/files/1/1974/6675/products/new-balance-gs-grade-school-gc990gl6-greygrey-1071168-tip-top-shoes-of-new-york-665166_600x600.jpg?v=1674599733
New Balance PS (Preschool) PV990BK6 Black,$109.95,https://tiptopshoes.com/collections/boys-1/products/new-balance-gs-grade-school-pv990bk6-black,https://cdn.shopify.com/s/files/1/1974/6675/products/new-balance-ps-preschool-pv990bk6-black-1071128-tip-top-shoes-of-new-york-439403_600x600.jpg?v=1687811937
Merrell Footwear GS (Grade School) Moab Speed Mid A/C Black Waterproof,$69.95,https://tiptopshoes.com/collections/boys-1/products/merrell-footwear-gs-grade-school-moab-speed-mid-a-c-black-waterproof,https://cdn.shopify.com/s/files/1/1974/6675/products/merrell-footwear-gs-grade-school-moab-speed-mid-ac-black-waterproof-1070174-tip-top-shoes-of-new-york-558657_600x600.jpg?v=1686767103
Florsheim Kids Supacush Chukka Brown,$79.95,https://tiptopshoes.com/collections/boys-1/products/florsheim-kids-supacush-chukka-brown,https://cdn.shopify.com/s/files/1/1974/6675/products/florsheim-kids-supacush-chukka-brown-1062616-228051_600x600.jpg?v=1662023612
Naturino Boy's (Sizes 30-32) Mulaz Navy Leather Waterproof Low Velcro,$79.95,https://tiptopshoes.com/collections/boys-1/products/naturino-boys-sizes-30-32-mulaz-navy-leather-waterproof-low-velcro,https://cdn.shopify.com/s/files/1/1974/6675/products/naturino-boys-sizes-30-32-mulaz-navy-leather-waterproof-low-velcro-1053309-673802_600x600.jpg?v=1635255375
Naturino Boy's (Sizes 27-32) Varna Navy Pull On Boot Waterproof,$79.95,https://tiptopshoes.com/collections/boys-1/products/naturino-boys-sizes-27-32-varna-navy-pull-on-boot-waterproof,https://cdn.shopify.com/s/files/1/1974/6675/products/naturino-boys-sizes-27-32-varna-navy-pull-on-boot-waterproof-1053262-292923_600x600.jpg?v=1635255395
Primigi Boy's (Sizes 36-40) Navy/Lime Medium Gore-Tex Boot,$119.95,https://tiptopshoes.com/collections/boys-1/products/primigi-boys-sizes-36-40-navy-lime-medium-gore-tex-boot,https://cdn.shopify.com/s/files/1/1974/6675/products/primigi-boys-sizes-36-40-navylime-medium-gore-tex-boot-1053051-247568_600x600.jpg?v=1635255635
UGG Boy's Butte II CWR Waterproof Boot Black Leather,$129.95,https://tiptopshoes.com/collections/boys-1/products/ugg-boys-butte-ii-cwr-waterproof-boot-black-leather,https://cdn.shopify.com/s/files/1/1974/6675/products/ugg-boys-butte-ii-cwr-waterproof-boot-black-leather-850469-972631_600x600.jpg?v=1635255984
Naturino Boy's Choco Desert Brown Suede Velcro (Sizes 27-32),$55.00,https://tiptopshoes.com/collections/boys-1/products/naturino-boys-choco-desert-brown-suede-velcro-sizes-27-32,https://cdn.shopify.com/s/files/1/1974/6675/products/naturino-boys-choco-desert-brown-suede-velcro-sizes-27-32-844138-493431_600x600.jpg?v=1635255411
Geox Boy's J Riddock Black Leather (Sizes 36-41),$45.00,https://tiptopshoes.com/collections/boys-1/products/geox-boys-j-riddock-black-leather-sizes-36-41,https://cdn.shopify.com/s/files/1/1974/6675/products/geox-boys-j-riddock-black-leather-sizes-36-41-693977-951122_600x600.jpg?v=1680112747
Geox Boy's J Riddock Black Leather (Sizes 32-35),$79.95,https://tiptopshoes.com/collections/boys-1/products/geox-j-riddock-black-leather-sizes-32-35,https://cdn.shopify.com/s/files/1/1974/6675/products/geox-boys-j-riddock-black-leather-sizes-32-35-693893-794796_600x600.jpg?v=1635255058
Merrell Boy's Jungle Moc Frosty Waterproof,$59.95,https://tiptopshoes.com/collections/boys-1/products/merrell-boys-jungle-moc-frosty-waterproof,https://cdn.shopify.com/s/files/1/1974/6675/products/merrell-boys-jungle-moc-frosty-waterproof-406271701019-507875_600x600.jpg?v=1635255340
UGG Boy's Neumel II Chestnut,$114.95,https://tiptopshoes.com/collections/boys-1/products/ugg-neumel-ii-chestnut,https://cdn.shopify.com/s/files/1/1974/6675/products/ugg-boys-neumel-ii-chestnut-652367-331487_600x600.jpg?v=1635255958
Sorel Boy's Flurry Waterproof Black/Super Blue,$69.95,https://tiptopshoes.com/collections/boys-1/products/sorel-boys-flurry-waterproof-black-super-blue,https://cdn.shopify.com/s/files/1/1974/6675/products/sorel-boys-flurry-waterproof-blacksuper-blue-583090-tip-top-shoes-of-new-york-916486_600x600.jpg?v=1668700503
Blundstone Kid's 1468 Antique Brown Leather,$134.95,https://tiptopshoes.com/collections/boys-1/products/blundstone-kids-1468-antique-brown-leather,https://cdn.shopify.com/s/files/1/1974/6675/products/blundstone-kids-1468-antique-brown-leather-7716281-755470_600x600.jpg?v=1635254834
Florsheim Kids Boy's Sapacush Plain Toe Ox Navy Suede/Brick (Sizes 4-7),$36.00,https://tiptopshoes.com/collections/boys-1/products/florsheim-kids-boys-sapacush-plain-toe-ox-navy-suede-brick-sizes-4-7,https://cdn.shopify.com/s/files/1/1974/6675/products/florsheim-kids-boys-sapacush-plain-toe-ox-navy-suedebrick-sizes-4-7-941752-889840_600x600.jpg?v=1635254977
Naturino Boy's Choco Desert Navy Suede Velcro (Sizes 27-32),$85.00,https://tiptopshoes.com/collections/boys-1/products/naturino-boys-choco-desert-navy-suede-velcro-sizes-27-32,https://cdn.shopify.com/s/files/1/1974/6675/products/naturino-boys-choco-desert-navy-suede-velcro-sizes-27-32-844080-481040_600x600.jpg?v=1635255386
Naturino (Sizes 27-32) Pinn Navy/Red,$79.95,https://tiptopshoes.com/collections/boys-1/products/naturino-sizes-27-32-pinn-navy-red,https://cdn.shopify.com/s/files/1/1974/6675/products/naturino-sizes-27-32-pinn-navyred-1076003-tip-top-shoes-of-new-york-848314_600x600.jpg?v=1695805328
Saucony PS (Preschool) Endorphin KDZ Black/Gold,$75.00,https://tiptopshoes.com/collections/boys-1/products/saucony-ps-preschool-endorphin-kdz-black-gold,https://cdn.shopify.com/s/files/1/1974/6675/products/saucony-ps-preschool-endorphin-kdz-blackgold-1074872-tip-top-shoes-of-new-york-685141_600x600.jpg?v=1690663874
Saucony PS (Preschool) Endorphin KDZ Blue/Green,$75.00,https://tiptopshoes.com/collections/boys-1/products/568302,https://cdn.shopify.com/s/files/1/1974/6675/products/saucony-ps-preschool-endorphin-kdz-bluegreen-1074887-tip-top-shoes-of-new-york-870526_600x600.jpg?v=1690490641
Saucony GS (Grade School) Kinvara 14 Navy/Green,$65.00,https://tiptopshoes.com/collections/boys-1/products/saucony-gs-grade-school-kinvara-14-navy-green,https://cdn.shopify.com/s/files/1/1974/6675/products/saucony-gs-grade-school-kinvara-14-navygreen-1074845-tip-top-shoes-of-new-york-674569_600x600.jpg?v=1689015854
Skechers PS (Preschool) S Lights-Dino-Lights 400615LBKOR SkechOSaurus,$59.95,https://tiptopshoes.com/collections/boys-1/products/skechers-ps-preschool-s-lights-dino-lights-400615lbkor-skechosaurus,https://cdn.shopify.com/s/files/1/1974/6675/products/skechers-ps-preschool-s-lights-dino-lights-400615lbkor-skechosaurus-1081693-tip-top-shoes-of-new-york-143432_600x600.jpg?v=1693464968
Skechers PS (Preschool) 402183LBBLM Ultra Flex,$55.00,https://tiptopshoes.com/collections/boys-1/products/skechers-ps-preschool-402183lbblm-ultra-flex,https://cdn.shopify.com/s/files/1/1974/6675/products/skechers-ps-preschool-402183lbblm-ultra-flex-1081707-tip-top-shoes-of-new-york-808162_600x600.jpg?v=1691442895
Skechers PS (Preschool) 400138LBKBL S Lights: Flex-Glow Bolt,$55.00,https://tiptopshoes.com/collections/boys-1/products/skechers-ps-preschool-400138lbkbl-s-lights-flex-glow-bolt,https://cdn.shopify.com/s/files/1/1974/6675/products/skechers-ps-preschool-400138lbkbl-s-lights-flex-glow-bolt-1081668-tip-top-shoes-of-new-york-696314_600x600.jpg?v=1689015859
Skechers PS (Preschool) S Lights Tri-Namics 401660LBKYB,$55.00,https://tiptopshoes.com/collections/boys-1/products/skechers-ps-preschool-s-lights-tri-namics-401660lbkyb,https://cdn.shopify.com/s/files/1/1974/6675/products/skechers-ps-preschool-s-lights-tri-namics-401660lbkyb-1081681-tip-top-shoes-of-new-york-757750_600x600.jpg?v=1690490646
New Balance PS (Preschool) PANTRLO5 Black/Orange,$59.95,https://tiptopshoes.com/collections/boys-1/products/new-balance-ps-preschool-pantrlo5-black-orange,https://cdn.shopify.com/s/files/1/1974/6675/products/pantrlo5_3_600x600.jpg?v=1679773397
Adidas GS (Grade School) Samoa White/Black,$69.95,https://tiptopshoes.com/collections/boys-1/products/adidas-gs-grade-school-samoa-white-black,https://cdn.shopify.com/s/files/1/1974/6675/products/adidas-gs-grade-school-samoa-whiteblack-1079676-tip-top-shoes-of-new-york-864946_600x600.jpg?v=1697795873
Reef Boy's Fanning Taupe/Navy,$35.00,https://tiptopshoes.com/collections/boys-1/products/reef-boys-fanning-taupe-navy,https://cdn.shopify.com/s/files/1/1974/6675/products/reef-boys-fanning-taupenavy-1073297-tip-top-shoes-of-new-york-508039_600x600.jpg?v=1681528964
Reef GS (Grade School) Ahi Swell Checkers,$25.00,https://tiptopshoes.com/collections/boys-1/products/reef-gs-grade-school-ahi-swell-checkers,https://cdn.shopify.com/s/files/1/1974/6675/products/reef-gs-grade-school-ahi-swell-checkers-1073288-tip-top-shoes-of-new-york-206661_600x600.jpg?v=1687812044
Reef Boy's GS (Grade School) Kids Ahi Aqua/Green,$25.00,https://tiptopshoes.com/collections/boys-1/products/reef-boys-gs-grade-school-kids-ahi-aqua-green,https://cdn.shopify.com/s/files/1/1974/6675/products/reef-boys-gs-grade-school-kids-ahi-aquagreen-1073279-tip-top-shoes-of-new-york-511133_600x600.jpg?v=1687812040
Lurchi Boys PS (Preschool) Maiko-Tex Navy Waterproof,$99.95,https://tiptopshoes.com/collections/boys-1/products/lurchi-boys-ps-preschool-maiko-tex-navy-wp,https://cdn.shopify.com/s/files/1/1974/6675/products/lurchi-boys-ps-preschool-maiko-tex-navy-waterproof-5018087-tip-top-shoes-of-new-york-209757_600x600.jpg?v=1687800729
Lurchi Boy's Noah Barefoot Blue,$99.95,https://tiptopshoes.com/collections/boys-1/products/lurchi-boys-noah-barefoot-blue,https://cdn.shopify.com/s/files/1/1974/6675/products/lurchi-boys-noah-barefoot-blue-5018107-tip-top-shoes-of-new-york-675890_600x600.jpg?v=1679782042
Skechers Boy's Flex Glide Slip-Ins,$59.95,https://tiptopshoes.com/collections/boys-1/products/skechers-boys-flex-glide-slip-ins,https://cdn.shopify.com/s/files/1/1974/6675/products/skechers-boys-flex-glide-slip-ins-1079010-tip-top-shoes-of-new-york-430858_600x600.jpg?v=1678298779
Naturino Boy's (Sizes 33-35) Pile Navy/Blue Patch Hi Watewrproof,$99.95,https://tiptopshoes.com/collections/boys-1/products/naturino-boys-sizes-29-32-pile-navy-blue-patch-hi-watewrproof-1,https://cdn.shopify.com/s/files/1/1974/6675/products/naturino-boys-sizes-33-35-pile-navyblue-patch-hi-watewrproof-1078901-tip-top-shoes-of-new-york-860684_600x600.jpg?v=1693638010
Naturino Boy's (Sizes 29-32) Pile Navy/Blue Patch Hi Watewrproof,$95.00,https://tiptopshoes.com/collections/boys-1/products/naturino-boys-sizes-29-32-pile-navy-blue-patch-hi-watewrproof,https://cdn.shopify.com/s/files/1/1974/6675/products/naturino-boys-sizes-29-32-pile-navyblue-patch-hi-watewrproof-1078889-tip-top-shoes-of-new-york-170535_600x600.jpg?v=1693638009
Naturino (Sizes 33-37) Geminae Navy/Green Patch Mid Waterproof,$95.00,https://tiptopshoes.com/collections/boys-1/products/naturino-sizes-33-37-geminae-navy-green-patch-mid-waterproof,https://cdn.shopify.com/s/files/1/1974/6675/products/naturino-sizes-33-37-geminae-navygreen-patch-mid-waterproof-1078882-tip-top-shoes-of-new-york-984835_600x600.jpg?v=1695805337
Naturino (Sizes 28-32) Geminae Navy/Green Patch Mid Waterproof,$89.95,https://tiptopshoes.com/collections/boys-1/products/naturino-sizes-28-32-geminae-navy-green-patch-mid-waterproof,https://cdn.shopify.com/s/files/1/1974/6675/products/naturino-sizes-28-32-geminae-navygreen-patch-mid-waterproof-1078864-tip-top-shoes-of-new-york-604934_600x600.jpg?v=1695805328
Geox Boy's (Sizes 29-34) Alphabeet Navy/White,$89.95,https://tiptopshoes.com/collections/boys-1/products/geox-boys-sizes-29-34-alphabeet-navy-white,https://cdn.shopify.com/s/files/1/1974/6675/products/geox-boys-sizes-29-34-alphabeet-navywhite-5017883-tip-top-shoes-of-new-york-906216_600x600.jpg?v=1677162155
Geox Boy's (Sizes 28-33) Bayonyc Hulk Light Up,$95.00,https://tiptopshoes.com/collections/boys-1/products/geox-boys-sizes-28-33-bayonyc-hulk-light-up,https://cdn.shopify.com/s/files/1/1974/6675/products/geox-boys-sizes-28-33-bayonyc-hulk-light-up-1078804-tip-top-shoes-of-new-york-169670_600x600.jpg?v=1677162145
Geox Boy's (Sizes 27-34) Assister Royal Blue/Green,$85.00,https://tiptopshoes.com/collections/boys-1/products/geox-boys-sizes-27-34-assister-royal-blue-green,https://cdn.shopify.com/s/files/1/1974/6675/products/geox-boys-sizes-27-34-assister-royal-bluegreen-1078785-tip-top-shoes-of-new-york-763610_600x600.jpg?v=1677162146
Geox Boy's (Sizes 28-34) Sprintye Navy/Orange,$75.00,https://tiptopshoes.com/collections/boys-1/products/geox-boys-sizes-28-34-sprintye-navy-orange,https://cdn.shopify.com/s/files/1/1974/6675/products/geox-boys-sizes-28-34-sprintye-navyorange-1078777-tip-top-shoes-of-new-york-469485_600x600.jpg?v=1677162149
Geox Boy's (Sizes 30-35) Sprintye Navy,$75.00,https://tiptopshoes.com/collections/boys-1/products/geox-boys-sizes-30-35-sprintye-navy,https://cdn.shopify.com/s/files/1/1974/6675/products/geox-boys-sizes-30-35-sprintye-navy-1078771-tip-top-shoes-of-new-york-668069_600x600.jpg?v=1677162158
New Balance GS (Grade School) GPARITR4 Red/Blue/Yellow,$59.95,https://tiptopshoes.com/collections/boys-1/products/new-balance-gs-grade-school-gparitr4-red-blue-yellow,https://cdn.shopify.com/s/files/1/1974/6675/products/new-balance-gs-grade-school-gparitr4-redblueyellow-1070621-tip-top-shoes-of-new-york-900803_600x600.jpg?v=1676143928
Naturino (Sizes 27-32) Dorrie Navy/Azure/Green Star,$89.95,https://tiptopshoes.com/collections/boys-1/products/naturino-sizes-27-32-dorrie-navy-azure-green-star,https://cdn.shopify.com/s/files/1/1974/6675/products/naturino-sizes-27-32-dorrie-navyazuregreen-star-1078497-tip-top-shoes-of-new-york-444060_600x600.jpg?v=1691442352
Primigi (Sizes 31-35) Grey/Orange Stitch Gore-Tex Waterproof,$105.00,https://tiptopshoes.com/collections/boys-1/products/primigi-sizes-31-35-grey-orange-stitch-gore-tex-waterproof,https://cdn.shopify.com/s/files/1/1974/6675/products/primigi-sizes-31-35-greyorange-stitch-gore-tex-waterproof-1078175-tip-top-shoes-of-new-york-111875_600x600.jpg?v=1695805634
Primigi Boy's (Sizes 31-35) Navy Hi Gore-Tex Waterproof,$109.95,https://tiptopshoes.com/collections/boys-1/products/primigi-boys-sizes-31-35-navy-hi-gore-tex-waterproof,https://cdn.shopify.com/s/files/1/1974/6675/products/primigi-boys-sizes-31-35-navy-hi-gore-tex-waterproof-1078159-tip-top-shoes-of-new-york-630475_600x600.jpg?v=1693291448
Primigi Boy's (Sizes 29-30) Navy Hi Gore-Tex Waterproof,$105.00,https://tiptopshoes.com/collections/boys-1/products/primigi-boys-sizes-29-30-navy-hi-gore-tex-waterproof,https://cdn.shopify.com/s/files/1/1974/6675/products/primigi-boys-sizes-29-30-navy-hi-gore-tex-waterproof-1078149-tip-top-shoes-of-new-york-344387_600x600.jpg?v=1693291446
Primigi Boy's (Sizes 31-35) Black Hi Gore-Tex Waterproof,$109.95,https://tiptopshoes.com/collections/boys-1/products/primigi-boys-sizes-31-35-black-hi-gore-tex-waterproof,https://cdn.shopify.com/s/files/1/1974/6675/products/primigi-boys-sizes-31-35-black-hi-gore-tex-waterproof-1078135-tip-top-shoes-of-new-york-588805_600x600.jpg?v=1693291446
Primigi Boy's (Sizes 29-30) Black Hi Gore-Tex Waterproof,$105.00,https://tiptopshoes.com/collections/boys-1/products/primigi-boys-sizes-29-30-black-hi-gore-tex-waterproof,https://cdn.shopify.com/s/files/1/1974/6675/products/primigi-boys-sizes-29-30-black-hi-gore-tex-waterproof-1078125-tip-top-shoes-of-new-york-961596_600x600.jpg?v=1693291446
Primigi Boy's (Sizes 31-35) Navy/Blue Boot Gore-Tex Waterproof,$105.00,https://tiptopshoes.com/collections/boys-1/products/569152,https://cdn.shopify.com/s/files/1/1974/6675/products/primigi-boys-sizes-31-35-navyblue-boot-gore-tex-waterproof-1078111-tip-top-shoes-of-new-york-619521_600x600.jpg?v=1699012600
Primigi Boy's (Sizes 28-30) Navy/Blue Boot Gore-Tex Waterproof,$99.95,https://tiptopshoes.com/collections/boys-1/products/primigi-boys-sizes-28-30-navy-blue-boot-gore-tex-waterproof,https://cdn.shopify.com/s/files/1/1974/6675/products/primigi-boys-sizes-28-30-navyblue-boot-gore-tex-waterproof-1078100-tip-top-shoes-of-new-york-331304_600x600.jpg?v=1693291444
Primigi Boy's (Sizes 36-40) Grey/Blue/Green/Neon Gore-Tex Waterproof,$109.95,https://tiptopshoes.com/collections/boys-1/products/primigi-boys-sizes-36-40-grey-blue-green-neon-gore-tex-waterproof,https://cdn.shopify.com/s/files/1/1974/6675/products/primigi-boys-sizes-36-40-greybluegreenneon-gore-tex-waterproof-1078092-tip-top-shoes-of-new-york-442198_600x600.jpg?v=1693291450
Primigi Boy's (Sizes 31-35) Grey/Blue/Green/Neon Gore-Tex Waterproof,$105.00,https://tiptopshoes.com/collections/boys-1/products/primigi-boys-sizes-31-35-grey-blue-green-neon-gore-tex-waterproof,https://cdn.shopify.com/s/files/1/1974/6675/products/primigi-boys-sizes-31-35-greybluegreenneon-gore-tex-waterproof-1078087-tip-top-shoes-of-new-york-988373_600x600.jpg?v=1693291446
Primigi Boy's (Sizes 28-30) Grey/Blue/Green/Neon Gore-Tex Waterproof,$99.95,https://tiptopshoes.com/collections/boys-1/products/primigi-boys-sizes-28-30-grey-blue-green-neon-gore-tex-waterproof,https://cdn.shopify.com/s/files/1/1974/6675/products/primigi-boys-sizes-28-30-greybluegreenneon-gore-tex-waterproof-1078076-tip-top-shoes-of-new-york-381515_600x600.jpg?v=1693291446
Primigi (Sizes 36-37) Navy/Orange Hiker Gore-Tex Waterproof,$119.95,https://tiptopshoes.com/collections/boys-1/products/primigi-sizes-36-37-navy-orange-hiker-gore-tex-waterproof,https://cdn.shopify.com/s/files/1/1974/6675/products/primigi-sizes-36-37-navyorange-hiker-gore-tex-waterproof-1078073-tip-top-shoes-of-new-york-266506_600x600.jpg?v=1695805631
Primigi Boys (Sizes 32-35) Navy/Orange Hiker Gore-Tex Waterproof,$115.00,https://tiptopshoes.com/collections/boys-1/products/primigi-boys-sizes-32-35-navy-orange-hiker-gore-tex-waterproof,https://cdn.shopify.com/s/files/1/1974/6675/products/primigi-boys-sizes-32-35-navyorange-hiker-gore-tex-waterproof-1078061-tip-top-shoes-of-new-york-213739_600x600.jpg?v=1695805631
Timberland GS (Grade School) GreenStride Motion 6 Mid Rust Nubuck Waterproof,$115.00,https://tiptopshoes.com/collections/boys-1/products/timberland-gs-grade-school-greenstride-motion-6-mid-rust-nubuck-waterproof,https://cdn.shopify.com/s/files/1/1974/6675/products/timberland-gs-grade-school-greenstride-motion-6-mid-rust-nubuck-waterproof-1077820-tip-top-shoes-of-new-york-233136_600x600.jpg?v=1690664000
New Balance GS (Grade School) GPFCXMB3 Black/Spring Green,$79.95,https://tiptopshoes.com/collections/boys-1/products/new-balance-gs-grade-school-gpfcxmb3-black-spring-green,https://cdn.shopify.com/s/files/1/1974/6675/products/new-balance-gs-grade-school-gpfcxmb3-blackspring-green-1070307-tip-top-shoes-of-new-york-522086_600x600.jpg?v=1674252044
Geox Boy's (Sizes 35-41) Zheeno Plain Toe Black,$99.95,https://tiptopshoes.com/collections/boys-1/products/geox-boys-sizes-35-41-zheeno-plain-toe-black,https://cdn.shopify.com/s/files/1/1974/6675/products/geox-boys-sizes-35-41-zheeno-plain-toe-black-1077067-tip-top-shoes-of-new-york-144025_600x600.jpg?v=1691528593
Geox (Sizes 28-35) Theleven Navy Suede,$99.95,https://tiptopshoes.com/collections/boys-1/products/geox-sizes-28-35-theleven-navy-suede,https://cdn.shopify.com/s/files/1/1974/6675/products/geox-sizes-28-35-theleven-navy-suede-1076963-tip-top-shoes-of-new-york-248795_600x600.jpg?v=1692222013
Geox (Sizes 28-33) Bayonyc Spider Man,$95.00,https://tiptopshoes.com/collections/boys-1/products/geox-sizes-28-33-bayonyc-spider-man,https://cdn.shopify.com/s/files/1/1974/6675/products/geox-sizes-28-33-bayonyc-spider-man-1076955-tip-top-shoes-of-new-york-614764_600x600.jpg?v=1691528594
Geox Boy's (Sizes 29-40) Simbyos Black/Royal Waterproof,$119.95,https://tiptopshoes.com/collections/boys-1/products/geox-boys-simbyos-black-royal-waterproof,https://cdn.shopify.com/s/files/1/1974/6675/products/geox-boys-sizes-29-40-simbyos-blackroyal-waterproof-1076934-tip-top-shoes-of-new-york-202889_600x600.jpg?v=1699447256
Geox Boy's (Sizes 30-41) Flexyper Grn/Orange Waterproof,$125.00,https://tiptopshoes.com/collections/boys-1/products/568797-geox-boys-flexyper-grn-orange-waterproof,https://cdn.shopify.com/s/files/1/1974/6675/products/geox-boys-sizes-30-41-flexyper-grnorange-waterproof-1076921-tip-top-shoes-of-new-york-499088_600x600.jpg?v=1699447256
Geox Boy's (Sizes 30-41) Flexyper Black/Grey Tall Waterproof,$129.95,https://tiptopshoes.com/collections/boys-1/products/geox-boys-sizes-41-flexyper-blk-greyl-tall-waterproof,https://cdn.shopify.com/s/files/1/1974/6675/products/geox-boys-sizes-30-41-flexyper-blackgrey-tall-waterproof-1076907-tip-top-shoes-of-new-york-555319_600x600.jpg?v=1699620505
Lurchi (Sizes 27-35) Tawab Jeans Gore-Tex Waterproof,$120.00,https://tiptopshoes.com/collections/boys-1/products/lurchi-boys-tawab-jeans-gore-tex-waterproof,https://cdn.shopify.com/s/files/1/1974/6675/products/lurchi-sizes-27-35-tawab-jeans-gore-tex-waterproof-1076309-tip-top-shoes-of-new-york-455408_600x600.jpg?v=1670688756
Lurchi Boy's Kosimo Black/Yellow Gore-Tex Waterproof,$120.00,https://tiptopshoes.com/collections/boys-1/products/lurchi-boys-kosimo-black-yellow-gore-tex-waterproof,https://cdn.shopify.com/s/files/1/1974/6675/products/lurchi-boys-kosimo-blackyellow-gore-tex-waterproof-1076297-tip-top-shoes-of-new-york-910834_600x600.jpg?v=1670688752
Naturino (Sizes 28-32) Ariton Navy/Gum Hi Waterproof,$85.00,https://tiptopshoes.com/collections/boys-1/products/naturino-sizes-28-32-ariton-navy-gum-hi-waterproof,https://cdn.shopify.com/s/files/1/1974/6675/products/naturino-sizes-28-32-ariton-navygum-hi-waterproof-1076210-tip-top-shoes-of-new-york-893567_600x600.jpg?v=1695805329
UGG Boy's Highland Hi Heritage Chestnut,$95.00,https://tiptopshoes.com/collections/boys-1/products/ugg-boys-highland-hi-heritage-chestnut,https://cdn.shopify.com/s/files/1/1974/6675/products/ugg-boys-highland-hi-heritage-chestnut-1075951-tip-top-shoes-of-new-york-183213_600x600.jpg?v=1695806242
New Balance Boy's PS (Preschool) DynaSoft Reveal v4 BOA True Red/Marine Blue,$69.95,https://tiptopshoes.com/collections/boys-1/products/new-balance-boys-gs-grade-school-dynasoft-reveal-v4-boa-true-red-marine-blue,https://cdn.shopify.com/s/files/1/1974/6675/products/new-balance-boys-gs-grade-school-dynasoft-reveal-v4-boa-true-redmarine-blue-1075736-tip-top-shoes-of-new-york-974750_600x600.jpg?v=1687465652
New Balance Boy's Fresh Foam X 860v13 Black/Electric Indigo/Thirty Watt,$85.00,https://tiptopshoes.com/collections/boys-1/products/new-balance-boys-fresh-foam-x-860v13-black-electric-indigo-thirty-watt,https://cdn.shopify.com/s/files/1/1974/6675/products/new-balance-boys-fresh-foam-x-860v13-blackelectric-indigothirty-watt-1075701-tip-top-shoes-of-new-york-243479_600x600.jpg?v=1687465651
New Balance Boy's GS (Grade School) Fresh Foam X 860v13 Black/Electric Indigo/Thirty Watt,$89.95,https://tiptopshoes.com/collections/boys-1/products/new-balance-boys-gs-grade-school-fresh-foam-x-860v13-black-electric-indigo-thirty-watt,https://cdn.shopify.com/s/files/1/1974/6675/products/new-balance-boys-gs-grade-school-fresh-foam-x-860v13-blackelectric-indigothirty-watt-1075685-tip-top-shoes-of-new-york-279871_600x600.jpg?v=1687788273
Vans PS (Preschool) SK8 Lo Navy/Yellow,$48.00,https://tiptopshoes.com/collections/boys-1/products/vans-ps-preschool-sk8-lo-navy-yellow,https://cdn.shopify.com/s/files/1/1974/6675/products/vans-ps-preschool-sk8-lo-navyyellow-1075656-tip-top-shoes-of-new-york-267133_600x600.jpg?v=1693465284
Vans PS (Preschool) SK8 Low True Blue/White,$49.95,https://tiptopshoes.com/collections/boys-1/products/vans-ps-preschool-sk8-low-true-blue-wht,https://cdn.shopify.com/s/files/1/1974/6675/products/vans-ps-preschool-sk8-low-true-bluewhite-1075633-tip-top-shoes-of-new-york-988043_600x600.jpg?v=1689016282
Vans PS (Preschool) Sk8-Mid Reissue White/Green,$55.00,https://tiptopshoes.com/collections/boys-1/products/vans-ps-preschool-sk8-mid-reissue-white-green,https://cdn.shopify.com/s/files/1/1974/6675/products/vans-ps-preschool-sk8-mid-reissue-whitegreen-1075601-tip-top-shoes-of-new-york-130236_600x600.jpg?v=1689016279
Vans PS (Preschool) Old Skool Hunter Green,$48.00,https://tiptopshoes.com/collections/boys-1/products/vans-ps-preschool-old-skool-hunter-green,https://cdn.shopify.com/s/files/1/1974/6675/products/vans-ps-preschool-old-skool-hunter-green-1075584-tip-top-shoes-of-new-york-723998_600x600.jpg?v=1689101349
Adidas GS (Grade School) Pro Model Cloud White/Core Black/Gold Foil,$79.95,https://tiptopshoes.com/collections/boys-1/products/adidas-gs-grade-school-pro-model-cloud-white-core-black-gold-foil,https://cdn.shopify.com/s/files/1/1974/6675/products/adidas-boys-pro-model-cloud-whitecore-blackgold-foil-sneakers-1075028-tip-top-shoes-of-new-york-137303_600x600.jpg?v=1685455478
Adidas GS (Grade School) NMD 360 Core Black/Cloud White/Scarlet,$75.00,https://tiptopshoes.com/collections/boys-1/products/adidas-gs-grade-school-nmd-360-core-black-cloud-white-scarlet,https://cdn.shopify.com/s/files/1/1974/6675/products/adidas-boys-nmd-360-core-blackcloud-whitescarlet-sneakers-1074992-tip-top-shoes-of-new-york-251061_600x600.jpg?v=1685104385
Adidas GS (Grade School) Stan Smith Core Black/Core Black/Cloud White,$79.95,https://tiptopshoes.com/collections/boys-1/products/adidas-gs-grade-school-stan-smith-core-black-core-black-cloud-white,https://cdn.shopify.com/s/files/1/1974/6675/products/adidas-boys-stan-smith-core-blackcore-blackcloud-white-sneakers-1074972-tip-top-shoes-of-new-york-702989_600x600.jpg?v=1685455765
Merrell Boy's Moab Speed Low Green/Black Waterproof,$59.95,https://tiptopshoes.com/collections/boys-1/products/merrell-boys-moab-speed-low-green-black-waterproof,https://cdn.shopify.com/s/files/1/1974/6675/products/merrell-boys-moab-speed-low-greenblack-waterproof-1074790-tip-top-shoes-of-new-york-839497_600x600.jpg?v=1690490077
Camper Boy's (Sizes 30-34) Pursuit Navy,$85.00,https://tiptopshoes.com/collections/boys-1/products/camper-boys-sizes-30-34-pursuit-navy,https://cdn.shopify.com/s/files/1/1974/6675/products/camper-boys-sizes-30-34-pursuit-navy-1073113-tip-top-shoes-of-new-york-646109_600x600.jpg?v=1679955604
Camper Boy's (Sizes 31-34) Runner Luggage,$85.00,https://tiptopshoes.com/collections/boys-1/products/camper-boys-sizes-31-34-runner-luggage,https://cdn.shopify.com/s/files/1/1974/6675/products/camper-boys-sizes-31-34-runner-luggage-1073130-tip-top-shoes-of-new-york-828216_600x600.jpg?v=1679955603
Camper Boys (Sizes 35-36) Pursuit Navy,$89.95,https://tiptopshoes.com/collections/boys-1/products/camper-boys-ps-preschool-pursuit-navy-leather,https://cdn.shopify.com/s/files/1/1974/6675/products/camper-boys-ps-preschool-pursuit-navy-leather-1073123-tip-top-shoes-of-new-york-209810_600x600.jpg?v=1686766480
Naturino Boy's (Sizes 27-32) Korey Navy Camo,$85.00,https://tiptopshoes.com/collections/boys-1/products/naturino-boys-sizes-27-32-korey-navy-camo,https://cdn.shopify.com/s/files/1/1974/6675/products/naturino-boys-sizes-27-32-korey-navy-camo-1072818-tip-top-shoes-of-new-york-902773_600x600.jpg?v=1679956191
Vans PS (Preschool) Classic Slip On Grey/White Checkerboard,$45.00,https://tiptopshoes.com/collections/boys-1/products/vans-ps-preschool-classic-slip-on-grey-white-checkerboard,https://cdn.shopify.com/s/files/1/1974/6675/products/vans-ps-preschool-classic-slip-on-greywhite-checkerboard-1072260-tip-top-shoes-of-new-york-851895_600x600.jpg?v=1676203086
Vans GS (Grade School) Old Skool Grey,$55.00,https://tiptopshoes.com/collections/boys-1/products/vans-gs-grade-school-old-skool-grey,https://cdn.shopify.com/s/files/1/1974/6675/products/vans-gs-grade-school-old-skool-grey-1072251-tip-top-shoes-of-new-york-373210_600x600.jpg?v=1676203087
Vans PS (Preschool) Old Skool Grey/White,$49.95,https://tiptopshoes.com/collections/boys-1/products/vans-ps-preschool-old-skool-grey-white,https://cdn.shopify.com/s/files/1/1974/6675/products/vans-ps-preschool-old-skool-greywhite-1072241-tip-top-shoes-of-new-york-271538_600x600.jpg?v=1676203086
Birkenstock Boy's Milano Vegan Khaki Canvas,$69.95,https://tiptopshoes.com/collections/boys-1/products/birkenstock-boys-milano-vegan-khaki-canvas,https://cdn.shopify.com/s/files/1/1974/6675/products/birkenstock-boys-milano-vegan-khaki-canvas-1071421-tip-top-shoes-of-new-york-906249_600x600.jpg?v=1677684786
New Balance (PS) Preschool PV990GL6 Grey,$109.95,https://tiptopshoes.com/collections/boys-1/products/new-balance-toddlers-pv990gl6-grey,https://cdn.shopify.com/s/files/1/1974/6675/products/new-balance-toddlers-pv990gl6-grey-1071186-tip-top-shoes-of-new-york-465626_600x600.jpg?v=1672058595
New Balance GS (Grade School) GC990BK6 Black,$129.95,https://tiptopshoes.com/collections/boys-1/products/new-balance-gs-grade-school-gc990bk6-black,https://cdn.shopify.com/s/files/1/1974/6675/products/new-balance-gs-grade-school-gc990bk6-black-1071152-tip-top-shoes-of-new-york-366340_600x600.jpg?v=1687811793
Adidas GS (Grade School) Rapidasport Blue/Grey,$69.95,https://tiptopshoes.com/collections/boys-1/products/adidas-gs-grade-school-rapidasport-blue-grey,https://cdn.shopify.com/s/files/1/1974/6675/products/adidas-gs-grade-school-rapidasport-bluegrey-1070813-tip-top-shoes-of-new-york-694613_600x600.jpg?v=1676200093
Adidas Boy's GS (Grade School) PureBoost Lucid Blue/White,$85.00,https://tiptopshoes.com/collections/boys-1/products/adidas-boys-gs-grade-school-pureboost-lucid-blue-white,https://cdn.shopify.com/s/files/1/1974/6675/products/LUBLFEWHPUMI_D2_1_600x600.jpg?v=1676142868
New Balance PS (Preschool) PTRVLBK4 Black/Silver,$69.95,https://tiptopshoes.com/collections/boys-1/products/new-balance-ps-preschool-ptrvlbk4-black-silver,https://cdn.shopify.com/s/files/1/1974/6675/products/new-balance-ps-preschool-ptrvlbk4-blacksilver-1070390-tip-top-shoes-of-new-york-992576_600x600.jpg?v=1681179438
New Balance Boy's Fresh Foam X 880v12 Navy/Blue,$75.00,https://tiptopshoes.com/collections/boys-1/products/new-balance-boys-fresh-foam-x-880v12-navy-blue,https://cdn.shopify.com/s/files/1/1974/6675/products/new-balance-boys-fresh-foam-x-880v12-navyblue-1070293-tip-top-shoes-of-new-york-858092_600x600.jpg?v=1676988545
New Balance GS (Grade School) GP880K12 Navy/Blue,$89.95,https://tiptopshoes.com/collections/boys-1/products/new-balance-gs-grade-school-gp880k12-navy-blue,https://cdn.shopify.com/s/files/1/1974/6675/products/new-balance-gs-grade-school-gp880k12-navyblue-1070244-tip-top-shoes-of-new-york-339926_600x600.jpg?v=1677511388
Merrell Footwear Boy's Moab Speed Mid Navy/Hi Viz Waterproof,$69.95,https://tiptopshoes.com/collections/boys-1/products/merrell-footwear-boys-moab-speed-mid-navy-hi-viz-waterproof,https://cdn.shopify.com/s/files/1/1974/6675/products/merrell-footwear-boys-moab-speed-mid-navyhi-viz-waterproof-1070196-tip-top-shoes-of-new-york-942766_600x600.jpg?v=1677686165
Saucony PS (Preschool) Wind Red/Blue,$55.00,https://tiptopshoes.com/collections/boys-1/products/saucony-ps-preschool-wind-red-blue,https://cdn.shopify.com/s/files/1/1974/6675/products/saucony-ps-preschool-wind-redblue-1070138-tip-top-shoes-of-new-york-295020_600x600.webp?v=1680112517
Saucony Boy's Kinvara 14 Navy/Green,$65.00,https://tiptopshoes.com/collections/boys-1/products/saucony-boys-kinvara-14-navy-green,https://cdn.shopify.com/s/files/1/1974/6675/products/saucony-boys-kinvara-14-navygreen-1070087-tip-top-shoes-of-new-york-929024_600x600.jpg?v=1677686993
Saucony GS (Grade School) Ride 15 Sundown,$75.00,https://tiptopshoes.com/collections/boys-1/products/saucony-gs-grade-school-ride-15-sundown,https://cdn.shopify.com/s/files/1/1974/6675/products/saucony-gs-grade-school-ride-15-sundown-1070013-tip-top-shoes-of-new-york-238673_600x600.jpg?v=1676202583
Vans PS (Preschool) OLD SKOOL Blueprint,$45.00,https://tiptopshoes.com/collections/boys-1/products/vans-ps-preschool-old-skool-blueprint,https://cdn.shopify.com/s/files/1/1974/6675/products/vans-ps-preschool-old-skool-blueprint-1069767-tip-top-shoes-of-new-york-383383_600x600.jpg?v=1672059536
Camper (Sizes 35-35) Pursuit Mid Navy,$105.00,https://tiptopshoes.com/collections/boys-1/products/camper-boys-ps-preschool-pursuit-mid-navy-leather,https://cdn.shopify.com/s/files/1/1974/6675/products/camper-boys-ps-preschool-pursuit-mid-navy-leather-1069625-tip-top-shoes-of-new-york-674113_600x600.jpg?v=1686941476
Primigi Boy's (Sizes 36-40) 2895100 Navy/Orange Hi Gore-Tex Waterproof,$119.95,https://tiptopshoes.com/collections/boys-1/products/primigi-boys-sizes-36-40-2895100-navy-orange-hi-gore-tex-waterproof,https://cdn.shopify.com/s/files/1/1974/6675/products/primigi-boys-sizes-36-40-2895100-navyorange-hi-gore-tex-waterproof-1068205-tip-top-shoes-of-new-york-465486_600x600.jpg?v=1672058775
Primigi Boy's (Sizes 31-35) 2895100 Navy/Orange Hi Gore-Tex Waterproof,$115.00,https://tiptopshoes.com/collections/boys-1/products/primigi-boys-sizes-31-35-2895100-navy-orange-hi-gore-tex-waterproof,https://cdn.shopify.com/s/files/1/1974/6675/products/primigi-boys-sizes-31-35-2895100-navyorange-hi-gore-tex-waterproof-1068200-tip-top-shoes-of-new-york-118622_600x600.jpg?v=1672058774
Primigi Boy's (Sizes 36-40) 2895122 Brown/Navy Hi Gore-Tex Waterproof,$119.95,https://tiptopshoes.com/collections/boys-1/products/primigi-boys-sizes-36-40-2895122-brown-navy-hi-gore-tex-waterproof,https://cdn.shopify.com/s/files/1/1974/6675/products/primigi-boys-sizes-36-40-2895122-brownnavy-hi-gore-tex-waterproof-1068181-tip-top-shoes-of-new-york-482501_600x600.jpg?v=1672058774
Primigi Boy's (Sizes 31-35) 2895122 Brown/Navy Hi Gore-Tex Waterproof,$115.00,https://tiptopshoes.com/collections/boys-1/products/primigi-boys-sizes-31-35-2895122-brown-navy-hi-gore-tex-waterproof,https://cdn.shopify.com/s/files/1/1974/6675/products/primigi-boys-sizes-31-35-2895122-brownnavy-hi-gore-tex-waterproof-1068176-tip-top-shoes-of-new-york-404213_600x600.jpg?v=1672058774
Primigi Boy's 2895133 (Sizes 36-39) Black Hi Gore-Tex Waterproof,$119.95,https://tiptopshoes.com/collections/boys-1/products/primigi-boys-2895133-sizes-36-39-black-hi-gore-tex-waterproof,https://cdn.shopify.com/s/files/1/1974/6675/products/primigi-boys-2895133-sizes-36-39-black-hi-gore-tex-waterproof-1068157-tip-top-shoes-of-new-york-579580_600x600.jpg?v=1671232352
Primigi Boy's 2895133 (Sizes 31-35) Black Hi Gore-Tex Waterproof,$115.00,https://tiptopshoes.com/collections/boys-1/products/primigi-boys-2895133-sizes-31-35-black-hi-gore-tex-waterproof,https://cdn.shopify.com/s/files/1/1974/6675/products/primigi-boys-2895133-sizes-31-35-black-hi-gore-tex-waterproof-1068144-tip-top-shoes-of-new-york-621183_600x600.jpg?v=1671232352
Primigi Boy's 2895133 (Sizes 28-30) Black Hi Gore-Tex Waterproof,$109.95,https://tiptopshoes.com/collections/boys-1/products/primigi-boys-2895133-sizes-28-30-black-hi-gore-tex-waterproof,https://cdn.shopify.com/s/files/1/1974/6675/products/primigi-boys-2895133-sizes-28-30-black-hi-gore-tex-waterproof-1068133-tip-top-shoes-of-new-york-341737_600x600.jpg?v=1671232353
Primigi (Sizes 36-40) 2891600 Navy/Silver/Volt Gore-Tex Waterproof,$119.95,https://tiptopshoes.com/collections/boys-1/products/primigi-sizes-36-40-2891600-navy-silver-volt-gore-tex-waterproof,https://cdn.shopify.com/s/files/1/1974/6675/products/primigi-sizes-36-40-2891600-navysilvervolt-gore-tex-waterproof-1068125-991769_600x600.jpg?v=1662024970
Primigi (Sizes 31-35) 2891600 Navy/Silver/Volt Gore-Tex Waterproof,$109.95,https://tiptopshoes.com/collections/boys-1/products/primigi-sizes-31-35-2891600-navy-silver-volt-gore-tex-waterproof,https://cdn.shopify.com/s/files/1/1974/6675/products/primigi-sizes-31-35-2891600-navysilvervolt-gore-tex-waterproof-1068112-841907_600x600.jpg?v=1662024974
Primigi (Sizes 28-30) 2891600 Navy/Silver/Volt Gore-Tex Waterproof,$105.00,https://tiptopshoes.com/collections/boys-1/products/primigi-sizes-28-30-2891600-navy-silver-volt-gore-tex-waterproof,https://cdn.shopify.com/s/files/1/1974/6675/products/primigi-sizes-28-30-2891600-navysilvervolt-gore-tex-waterproof-1068101-490721_600x600.jpg?v=1662024972
Primigi Boy's (Sizes 36-40) Grey/Black/Green/Blue Gore-Tex Waterproof,$119.95,https://tiptopshoes.com/collections/boys-1/products/primigi-boys-sizes-36-40-grey-black-green-blue-gore-tex-waterproof,https://cdn.shopify.com/s/files/1/1974/6675/products/primigi-boys-sizes-36-40-greyblackgreenblue-gore-tex-waterproof-1068093-776246_600x600.jpg?v=1662024972
Primigi Boy's (Sizes 31-35) Grey/Black/Green/Blue Gore-Tex Waterproof,$109.95,https://tiptopshoes.com/collections/boys-1/products/primigi-boys-sizes-31-35-grey-black-green-blue-gore-tex-waterproof,https://cdn.shopify.com/s/files/1/1974/6675/products/primigi-boys-sizes-31-35-greyblackgreenblue-gore-tex-waterproof-1068085-463799_600x600.jpg?v=1662024973
Primigi Boy's (Sizes 26-30) 2893700 Grey/Black/Green/Blue Gore-Tex Waterproof,$105.00,https://tiptopshoes.com/collections/boys-1/products/primigi-2893700-grey-black-green-blue-gore-tex-waterproof,https://cdn.shopify.com/s/files/1/1974/6675/products/primigi-boys-sizes-26-30-2893700-greyblackgreenblue-gore-tex-waterproof-1068075-750102_600x600.jpg?v=1662024975
Naturino Boy's (Sizes 33-35) Mulaz Navy Waterproof,$89.95,https://tiptopshoes.com/collections/boys-1/products/naturino-boys-ps-preschool-mulaz-navy-waterproof,https://cdn.shopify.com/s/files/1/1974/6675/products/naturino-boys-ps-preschool-mulaz-vl-navy-leather-waterproof-low-vlc-1067688-tip-top-shoes-of-new-york-384095_600x600.jpg?v=1687802141
Geox Boy's JNebcup Black Leather (Sizes 31-38),$95.00,https://tiptopshoes.com/collections/boys-1/products/geox-boys-jnebcup-black-leather-sizes-31-38,https://cdn.shopify.com/s/files/1/1974/6675/products/geox-boys-jnebcup-black-leather-sizes-31-38-1066678-tip-top-shoes-of-new-york-325725_600x600.jpg?v=1671880110
UGG Boy's Arren Chestnut Waterproof,$89.95,https://tiptopshoes.com/collections/boys-1/products/ugg-boys-arren-chestnut-waterproof,https://cdn.shopify.com/s/files/1/1974/6675/products/ugg-boys-arren-chestnut-waterproof-1066302-tip-top-shoes-of-new-york-885605_600x600.jpg?v=1671700977
Timberland Boy's GS (Grade School) Lincoln Peak Mid Wheat Waterproof,$89.95,https://tiptopshoes.com/collections/boys-1/products/timberland-boys-gs-grade-school-lincoln-peak-mid-wheat-waterproof,https://cdn.shopify.com/s/files/1/1974/6675/products/timberland-boys-gs-grade-school-lincoln-peak-mid-wheat-waterproof-1066208-tip-top-shoes-of-new-york-162558_600x600.jpg?v=1671881532
Skechers GS (Grade School) S-Lights Remix,$75.00,https://tiptopshoes.com/collections/boys-1/products/skechers-gs-grade-school-s-lights-remix,https://cdn.shopify.com/s/files/1/1974/6675/products/skechers-gs-grade-school-s-lights-remix-1064753-tip-top-shoes-of-new-york-954950_600x600.jpg?v=1687805078
Skechers PS (Preschool) S-Lights Remix,$75.00,https://tiptopshoes.com/collections/boys-1/products/skechers-gs-grade-school-s-lights-remix-1,https://cdn.shopify.com/s/files/1/1974/6675/products/skechers-gs-grade-school-s-lights-remix-1064746-tip-top-shoes-of-new-york-891344_600x600.jpg?v=1687805148
Skechers PS (Preschool) Hypno-Flash 2.0 Odelux,$59.95,https://tiptopshoes.com/collections/boys-1/products/skechers-ps-preschool-hypno-flash-2-0-odelux,https://cdn.shopify.com/s/files/1/1974/6675/products/skechers-gs-grade-school-hypno-flash-20-odelux-1064673-tip-top-shoes-of-new-york-244929_600x600.jpg?v=1687806889
Bogs Kids Snow Shell Black Multi Waterproof,$69.95,https://tiptopshoes.com/collections/boys-1/products/bogs-snow-shell-boys-black-multi,https://cdn.shopify.com/s/files/1/1974/6675/products/bogs-kids-snow-shell-black-multi-waterproof-1063788-tip-top-shoes-of-new-york-952080_600x600.jpg?v=1668088193
Steve Madden Boy's (Sizes 13-7) B-Cuz Black,$55.00,https://tiptopshoes.com/collections/boys-1/products/steve-madden-boys-sizes-13-7-b-cuz-black,https://cdn.shopify.com/s/files/1/1974/6675/products/steve-madden-boys-sizes-13-7-b-cuz-black-1063434-651750_600x600.jpg?v=1645199828
Merrell Boy's Moab Mid Cobalt/Gold Waterproof,$69.95,https://tiptopshoes.com/collections/boys-1/products/merrell-boys-moab-mid-cobalt-gold-waterproof,https://cdn.shopify.com/s/files/1/1974/6675/products/merrell-boys-moab-mid-cobaltgold-waterproof-1063408-tip-top-shoes-of-new-york-922028_600x600.jpg?v=1671142405
Merrell Boy's Snow Crush Navy/Green Waterproof,$79.95,https://tiptopshoes.com/collections/boys-1/products/merrell-boys-snow-crush-navy-green-waterproof,https://cdn.shopify.com/s/files/1/1974/6675/products/merrell-boys-snow-crush-navygreen-waterproof-1063331-tip-top-shoes-of-new-york-572958_600x600.jpg?v=1671142404
Saucony PS (Preschool) Kinvara 13 A/C Black/Lime,$59.95,https://tiptopshoes.com/collections/boys-1/products/saucony-ps-preschool-kinvara-13-a-c-black-lime,https://cdn.shopify.com/s/files/1/1974/6675/products/saucony-ps-preschool-kinvara-13-ac-blacklime-1063115-tip-top-shoes-of-new-york-498136_600x600.jpg?v=1672058917
Adidas Boy's Adilette Comfort Black/White,$35.00,https://tiptopshoes.com/collections/boys-1/products/adidas-boys-adilette-comfort-black-white,https://cdn.shopify.com/s/files/1/1974/6675/products/adidas-boys-adilette-comfort-blackwhite-1062777-tip-top-shoes-of-new-york-626069_600x600.jpg?v=1678213199
Adidas GS (Grade School) Adilette Comfort Royal/White,$35.00,https://tiptopshoes.com/collections/boys-1/products/adidas-gs-grade-school-adilette-comfort-royal-white,https://cdn.shopify.com/s/files/1/1974/6675/products/adidas-gs-grade-school-adilette-comfort-royalwhite-1062787-tip-top-shoes-of-new-york-585526_600x600.jpg?v=1672233598
Florsheim Boy's GS (Grade School) Supacush Jr. Plain Toe Oxford Black,$69.95,https://tiptopshoes.com/collections/boys-1/products/florsheim-boys-gs-grade-school-supacush-jr-plain-toe-oxford-black,https://cdn.shopify.com/s/files/1/1974/6675/products/florsheim-boys-gs-grade-school-supacush-jr-plain-toe-oxford-black-1062603-728069_600x600.jpg?v=1662023656
Florsheim Boy's PS (Preschool) Supacush Jr. Plain Toe Oxford Black,$69.95,https://tiptopshoes.com/collections/boys-1/products/florsheim-boys-ps-preschool-supacush-jr-plain-toe-oxford-black,https://cdn.shopify.com/s/files/1/1974/6675/products/florsheim-boys-ps-preschool-supacush-jr-plain-toe-oxford-black-1062588-677766_600x600.jpg?v=1662023642
Skechers Boy's Foamies Swifters Blue/Red,$29.95,https://tiptopshoes.com/collections/boys-1/products/skechers-boys-foamies-swifters-blue-red,https://cdn.shopify.com/s/files/1/1974/6675/products/skechers-boys-foamies-swifters-bluered-1062563-712669_600x600.jpg?v=1649370571
Reef Kid's Ahi Tropical Dream,$25.00,https://tiptopshoes.com/collections/boys-1/products/reef-kiss-kids-ahi-tropical-dream,https://cdn.shopify.com/s/files/1/1974/6675/products/reef-kiss-kids-ahi-tropical-dream-1059452-378460_600x600.jpg?v=1646342841
Teva Boy's GS (Grade School) Hurricane XLT 2 Dark Blue Print,$48.00,https://tiptopshoes.com/collections/boys-1/products/teva-boys-gs-grade-school-hurricane-xlt-2-dark-blue-print,https://cdn.shopify.com/s/files/1/1974/6675/products/teva-boys-gs-grade-school-hurricane-xlt-2-dark-blue-print-1058556-373519_600x600.jpg?v=1646343152
Teva Boy's PS (Preschool) Hurricane XLT 2 Dark Blue Print,$48.00,https://tiptopshoes.com/collections/boys-1/products/teva-boys-ps-preschool-hurricane-xlt-2-dark-blue-print,https://cdn.shopify.com/s/files/1/1974/6675/products/teva-boys-ps-preschool-hurricane-xlt-2-dark-blue-print-1058540-343617_600x600.jpg?v=1646343157
Keen Boy's PS (Preschool) Seacamp Magnet Print/Evening Primrose,$65.00,https://tiptopshoes.com/collections/boys-1/products/keen-boys-ps-preschool-seacamp-magnet-print-evening-primrose,https://cdn.shopify.com/s/files/1/1974/6675/products/keen-boys-ps-preschool-seacamp-magnet-printevening-primrose-1058495-433101_600x600.jpg?v=1646342486
Keen Boy's GS (Grade School) Seacamp Magnet Print/Evening Primrose,$65.00,https://tiptopshoes.com/collections/boys-1/products/keen-boys-gs-grade-school-seacamp-magnet-print-evening-primrose,https://cdn.shopify.com/s/files/1/1974/6675/products/keen-boys-gs-grade-school-seacamp-magnet-printevening-primrose-1058479-197844_600x600.jpg?v=1646342486
New Balance PS (Preschool) YTRAVGY2 Rain Cloud/Apricot,$55.00,https://tiptopshoes.com/collections/boys-1/products/new-balance-ps-preschool-ytravgy2-rain-cloud-apricot,https://cdn.shopify.com/s/files/1/1974/6675/products/new-balance-ps-preschool-ytravgy2-rain-cloudapricot-1056853-266279_600x600.jpg?v=1660836037
Merrell Boy's GS (Grade School) Moab Speed Low Blue Waterproof,$65.00,https://tiptopshoes.com/collections/boys-1/products/merrell-boys-gs-grade-school-moab-speed-low-blue-waterproof,https://cdn.shopify.com/s/files/1/1974/6675/products/merrell-boys-gs-grade-school-moab-speed-low-blue-waterproof-1056537-978567_600x600.jpg?v=1662024316
Saucony PS (Preschool) Kinvara Black/Green,$59.95,https://tiptopshoes.com/collections/boys-1/products/saucony-ps-preschool-kinvara-black-green,https://cdn.shopify.com/s/files/1/1974/6675/products/saucony-ps-preschool-kinvara-blackgreen-1056357-tip-top-shoes-of-new-york-281735_600x600.webp?v=1672058916
Adidas PS (Preschool) Stan Smith White/Green,$69.95,https://tiptopshoes.com/collections/boys-1/products/adidas-ps-preschool-stan-smith-white-green,https://cdn.shopify.com/s/files/1/1974/6675/products/adidas-ps-preschool-stan-smith-whitegreen-1055796-340335_600x600.jpg?v=1643667408
Naturino Boys Albus Desert Black Suede 2 Velcro (Sizes 30-34),$89.95,https://tiptopshoes.com/collections/boys-1/products/naturino-boys-albus-desert-black-suede-2-velcro-sizes-30-34,https://cdn.shopify.com/s/files/1/1974/6675/products/naturino-boys-albus-desert-black-suede-2-velcro-sizes-30-34-1053818-129469_600x600.jpg?v=1635255372
Adidas Boy's Stan Smith CF C White/Green,$65.00,https://tiptopshoes.com/collections/boys-1/products/adidas-boys-stan-smith-cf-c-white-green,https://cdn.shopify.com/s/files/1/1974/6675/products/adidas-boys-stan-smith-cf-c-whitegreen-547273-133382_600x600.jpg?v=1635254561
Sorel Boy's Yoot Pacâ„¢ TP Waterproof Boot Mesquite (Sizes 1-7),$89.95,https://tiptopshoes.com/collections/boys-1/products/sorel-boys-yoot-pac-tp-waterproof-boot-mesquite-sizes-1-7,https://cdn.shopify.com/s/files/1/1974/6675/products/sorel-boys-yoot-pac-tp-waterproof-boot-mesquite-sizes-1-7-403348402015-857562_600x600.jpg?v=1638228600
Naturino Boy's Varna 01 Waterproof Navy (Sizes 33-35),$89.95,https://tiptopshoes.com/collections/boys-1/products/naturino-boys-varna-01-waterproof-navy-sizes-33-36,https://cdn.shopify.com/s/files/1/1974/6675/products/naturino-boys-varna-01-waterproof-navy-sizes-33-35-1053271-710224_600x600.jpg?v=1635255369
Geox Boy's JFast NEW Black Leather Loafer (Sizes 35-41),$85.00,https://tiptopshoes.com/collections/boys-1/products/geox-boys-jfast-new-black-leather-loafer-sizes-35-41,https://cdn.shopify.com/s/files/1/1974/6675/products/geox-boys-jfast-new-black-leather-loafer-sizes-35-41-667561-684263_600x600.jpg?v=1635255059
Geox Boy's JFast NEW Black Leather Loafer (Sizes 31-34),$85.00,https://tiptopshoes.com/collections/boys-1/products/geox-boys-jfast-new-black-leather-loafer-sizes-31-34,https://cdn.shopify.com/s/files/1/1974/6675/products/geox-boys-jfast-new-black-leather-loafer-sizes-31-34-667539-670999_600x600.jpg?v=1635255068
Kamik Boy's Waterbug5 Waterproof Boot Black/Grey (Sizes 11-13),$69.95,https://tiptopshoes.com/collections/boys-1/products/kamik-waterbug-blk-grey,https://cdn.shopify.com/s/files/1/1974/6675/products/kamik-boys-waterbug5-waterproof-boot-blackgrey-sizes-11-13-657112-306626_600x600.jpg?v=1680111033
Adidas Boy's Superstar Foundation J White/Black,$75.00,https://tiptopshoes.com/collections/boys-1/products/adidas-boys-superstar-foundation-j-white-black,https://cdn.shopify.com/s/files/1/1974/6675/products/adidas-boys-superstar-foundation-j-whiteblack-404735401017-354102_600x600.jpg?v=1635254561
Keen Boy's Seacamp II CNX Racing Red (Sizes 1-3),$65.00,https://tiptopshoes.com/collections/boys-1/products/keen-seacamp-racing-red-3,https://cdn.shopify.com/s/files/1/1974/6675/products/keen-boys-seacamp-ii-cnx-racing-red-sizes-1-3-559140-877099_600x600.jpg?v=1645729368
UGG Kids Tasman Chestnut,$50.00,https://tiptopshoes.com/collections/girls/products/ugg-kids-tasman-chestnut,https://cdn.shopify.com/s/files/1/1974/6675/products/ugg-kids-tasman-chestnut-401974401013-577357_600x600.jpg?v=1635256022
UGG Girl's Classic Ultra Mini Chestnut,$80.00,https://tiptopshoes.com/collections/girls/products/ugg-girls-classic-ultra-mini-chestnut,https://cdn.shopify.com/s/files/1/1974/6675/products/ugg-girls-classic-ultra-mini-chestnut-1066386-798507_600x600.jpg?v=1659394607
UGG Girl's Cozy II Chestnut,$30.00,https://tiptopshoes.com/collections/girls/products/ugg-girls-cozy-ii-chestnut,https://cdn.shopify.com/s/files/1/1974/6675/products/ugg-girls-cozy-ii-chestnut-1052168-408688_600x600.jpg?v=1636744162
UGG Kid's Tazz Chestnut,$89.95,https://tiptopshoes.com/collections/girls/products/ugg-kids-tazz-chestnut,https://cdn.shopify.com/s/files/1/1974/6675/products/ugg-kids-tazz-chestnut-1071311-tip-top-shoes-of-new-york-519151_600x600.jpg?v=1673550406
Primigi Girl's (31-35) Black/Gold Star Gore-Tex Waterproof,$119.95,https://tiptopshoes.com/collections/girls/products/primigi-girls-31-35-black-gold-star-gore-tex-waterproof,https://cdn.shopify.com/s/files/1/1974/6675/products/primigi-girls-31-35-blackgold-star-gore-tex-waterproof-1078201-tip-top-shoes-of-new-york-837871_600x600.jpg?v=1693291450
Primigi Girl's (Sizes 32-35) Black Suede/Fur Gore-Tex Waterproof,$125.00,https://tiptopshoes.com/collections/girls/products/primigi-girls-sizes-32-35-black-suede-fur-gore-tex-waterproof,https://cdn.shopify.com/s/files/1/1974/6675/products/primigi-girls-sizes-32-35-black-suedefur-gore-tex-waterproof-1078048-tip-top-shoes-of-new-york-192236_600x600.jpg?v=1693291452
UGG Girl's Bailey Bow 2 Berry,$90.00,https://tiptopshoes.com/collections/girls/products/ugg-girls-bailey-bow-2-berry,https://cdn.shopify.com/s/files/1/1974/6675/products/ugg-girls-bailey-bow-2-berry-1077406-tip-top-shoes-of-new-york-577843_600x600.jpg?v=1695806243
UGG Girl's Classic Mini Platform Chestnut,$99.00,https://tiptopshoes.com/collections/girls/products/ugg-girls-classic-mini-platform-chestnut,https://cdn.shopify.com/s/files/1/1974/6675/products/ugg-girls-classic-mini-platform-chestnut-1075989-tip-top-shoes-of-new-york-550388_600x600.jpg?v=1695806241
UGG Girl's Classic Mini Chestnut,$125.00,https://tiptopshoes.com/collections/girls/products/ugg-girls-classic-mini-chestnut,https://cdn.shopify.com/s/files/1/1974/6675/products/ugg-girls-classic-mini-chestnut-1075979-tip-top-shoes-of-new-york-389675_600x600.jpg?v=1695806241
Birkenstock Girl's Arizona Gold EVA,$34.95,https://tiptopshoes.com/collections/girls/products/birkenstock-girls-arizona-gold-eva,https://cdn.shopify.com/s/files/1/1974/6675/products/birkenstock-girls-arizona-gold-eva-1071450-tip-top-shoes-of-new-york-589103_600x600.jpg?v=1677684829
Naturino Girl's (Sizes 27-32) Dellen Black Glitter/Fur Lined Waterproof,$79.95,https://tiptopshoes.com/collections/girls/products/naturino-girls-sizes-27-32-dellen-black-glitter-fur-lined-waterproof,https://cdn.shopify.com/s/files/1/1974/6675/products/naturino-girls-sizes-27-32-dellen-black-glitterfur-lined-waterproof-1067754-346532_600x600.jpg?v=1663865958
Sorel Girl's Flurry Red/White Polka Dot Waterproof,$69.95,https://tiptopshoes.com/collections/girls/products/564786,https://cdn.shopify.com/s/files/1/1974/6675/products/sorel-girls-flurry-redwhite-polka-dot-waterproof-1063580-tip-top-shoes-of-new-york-746672_600x600.jpg?v=1669224940
UGG Girl's Classic II Chestnut (Sizes 13-4),$139.95,https://tiptopshoes.com/collections/girls/products/ugg-classic-chestnut-5,https://cdn.shopify.com/s/files/1/1974/6675/products/ugg-girls-classic-ii-chestnut-sizes-13-4-652018-207426_600x600.jpg?v=1635255982
Hunter Original Kids' Six-Stitch Cable Boot Socks Greige,$15.00,https://tiptopshoes.com/collections/girls/products/hunter-kids-dualcablegreig,https://cdn.shopify.com/s/files/1/1974/6675/products/hunter-original-kids-six-stitch-cable-boot-socks-greige-407949205013-806610_600x600.jpg?v=1635255113
Sorel Girl's Flurry Waterproof Paisley Purple,$69.95,https://tiptopshoes.com/collections/girls/products/sorel-girls-flurry-waterproof-paisley-purple,https://cdn.shopify.com/s/files/1/1974/6675/products/sorel-girls-flurry-waterproof-paisley-purple-692313-393413_600x600.jpg?v=1659485299
Steve Madden Girl's JSugarr/Stud Belt,$69.95,https://tiptopshoes.com/collections/girls/products/steve-madden-girls-jsugarr-stud-belt,https://cdn.shopify.com/s/files/1/1974/6675/products/steve-madden-girls-jsugarrstud-belt-1079754-tip-top-shoes-of-new-york-361647_600x600.jpg?v=1692742887
Naturino Girl's (Sizes 30-32) Barnett Black Naplak,$109.95,https://tiptopshoes.com/collections/girls/products/naturino-girls-sizes-30-32-barnett-black-naplak,https://cdn.shopify.com/s/files/1/1974/6675/products/naturino-girls-sizes-30-32-barnett-black-naplak-1078518-tip-top-shoes-of-new-york-640450_600x600.jpg?v=1699012334
Naturino Girl's (Sizes 31-34) Frollik Gold Patent/Sparkle,$65.00,https://tiptopshoes.com/collections/girls/products/naturino-girls-sizes-31-34-frollik-gold-patent-sparkle,https://cdn.shopify.com/s/files/1/1974/6675/products/naturino-girls-sizes-31-34-frollik-gold-patentsparkle-1078465-tip-top-shoes-of-new-york-989264_600x600.jpg?v=1694506883
Primigi Girl's (Sizes 28-30) Navy/Purple Mid Gore-Tex Waterproof,$105.00,https://tiptopshoes.com/collections/girls/products/primigi-girls-sizes-28-30-navy-purple-mid-gore-tex-waterproof,https://cdn.shopify.com/s/files/1/1974/6675/products/primigi-girls-sizes-28-30-navypurple-mid-gore-tex-waterproof-1078027-tip-top-shoes-of-new-york-688418_600x600.jpg?v=1695805634
Old Soles Girl's Team-Star Titanium/Gunmetal,$79.95,https://tiptopshoes.com/collections/girls/products/old-soles-girls-team-star-titanium-gunmetal,https://cdn.shopify.com/s/files/1/1974/6675/products/old-soles-girls-team-star-titaniumgunmetal-1077875-tip-top-shoes-of-new-york-769748_600x600.jpg?v=1693291284
Nina Girl's Diana Navy Floral,$65.00,https://tiptopshoes.com/collections/girls/products/nina-girls-diana-navy-floral,https://cdn.shopify.com/s/files/1/1974/6675/products/nina-girls-diana-navy-floral-1077785-tip-top-shoes-of-new-york-979973_600x600.jpg?v=1692395796
Nina Girl's Michaela Silver Shimmer,$59.95,https://tiptopshoes.com/collections/girls/products/nina-girls-michaela-silver-shimmer,https://cdn.shopify.com/s/files/1/1974/6675/products/nina-girls-michaela-silver-shimmer-1077758-tip-top-shoes-of-new-york-365163_600x600.jpg?v=1690836376
UGG Girl's Sunburst Tall Grey,$189.95,https://tiptopshoes.com/collections/girls/products/568921,https://cdn.shopify.com/s/files/1/1974/6675/products/ugg-girls-sunburst-tall-grey-1077480-tip-top-shoes-of-new-york-759562_600x600.jpg?v=1696932004
UGG Girl's Classic Lilac Mauve,$139.95,https://tiptopshoes.com/collections/girls/products/ugg-girls-classic-lilac-mauve,https://cdn.shopify.com/s/files/1/1974/6675/products/ugg-girls-classic-lilac-mauve-1077424-tip-top-shoes-of-new-york-949585_600x600.jpg?v=1695806242
Geox Girl's (Sizes 28-33) Kalispera Pink Shimmer Mid Top,$89.95,https://tiptopshoes.com/collections/girls/products/geox-girls-sizes-28-33-kalispera-pink-shimmer-mid-top,https://cdn.shopify.com/s/files/1/1974/6675/products/geox-girls-sizes-28-33-kalispera-pink-shimmer-mid-top-1077044-tip-top-shoes-of-new-york-757164_600x600.jpg?v=1692395111
Naturino Girl's (Sizes 27-32) Hess Multi Glitz Pink Hi,$60.00,https://tiptopshoes.com/collections/girls/products/naturino-girls-sizes-27-32-hess-multi-glitz-pink-hi,https://cdn.shopify.com/s/files/1/1974/6675/products/naturino-girls-sizes-27-32-hess-multi-glitz-pink-hi-1076125-tip-top-shoes-of-new-york-847860_600x600.jpg?v=1695805413
Sorel Girl's Whitney Twilight Waterproof,$79.95,https://tiptopshoes.com/collections/girls/products/sorel-girls-whitney-twilight-waterproof,https://cdn.shopify.com/s/files/1/1974/6675/products/sorel-girls-whitney-twilight-waterproof-1075246-tip-top-shoes-of-new-york-272989_600x600.jpg?v=1690490655
Hunter Kid's Play Boot Black Waterproof,$85.00,https://tiptopshoes.com/collections/girls/products/hunter-kids-play-boot-black-waterproof,https://cdn.shopify.com/s/files/1/1974/6675/products/hunter-kids-play-boot-black-waterproof-1074779-tip-top-shoes-of-new-york-236463_600x600.jpg?v=1669224295
Old Soles Girl's All In High Top Pink,$79.95,https://tiptopshoes.com/collections/girls/products/old-soles-girls-all-in-high-top-pink,https://cdn.shopify.com/s/files/1/1974/6675/products/old-soles-girls-all-in-high-top-pink-1074577-tip-top-shoes-of-new-york-459288_600x600.jpg?v=1676202149
Naturino Girl's (Sizes 27-32) Varna Silver Flash Waterproof,$79.95,https://tiptopshoes.com/collections/girls/products/naturino-girls-sizes-27-32-varna-silver-flash-waterproof,https://cdn.shopify.com/s/files/1/1974/6675/products/naturino-girls-sizes-27-32-varna-silver-flash-waterproof-1067718-363426_600x600.jpg?v=1663865958
Naturino Girl's (Sizes 30-34) Pavia Black/Gold,$65.00,https://tiptopshoes.com/collections/girls/products/naturino-girls-sizes-30-34-pavia-black-gold,https://cdn.shopify.com/s/files/1/1974/6675/products/naturino-girls-sizes-30-34-pavia-blackgold-1067471-956983_600x600.jpg?v=1663866024
UGG Girl's Funkette Chestnut,$85.00,https://tiptopshoes.com/collections/girls/products/ugg-girls-funkette-chestnut,https://cdn.shopify.com/s/files/1/1974/6675/products/ugg-girls-funkette-chestnut-1066232-tip-top-shoes-of-new-york-289697_600x600.jpg?v=1690664187
UGG Girl's Classic II Chestnut (Sizes 5-6),$139.95,https://tiptopshoes.com/collections/girls/products/ugg-classic-chestnut-6,https://cdn.shopify.com/s/files/1/1974/6675/products/ugg-girls-classic-ii-chestnut-sizes-5-6-652040-478285_600x600.jpg?v=1635255967
Birkenstock Girl's Arizona Soft Pink Wool,$49.99,https://tiptopshoes.com/collections/girls/products/birkenstock-girls-arizona-soft-pink-wool,https://cdn.shopify.com/s/files/1/1974/6675/products/birkenstock-girls-arizona-soft-pink-wool-1052123-996758_600x600.jpg?v=1635608012
UGG Girl's Bailey Bow II Chestnut (Sizes 13-4),$149.95,https://tiptopshoes.com/collections/girls/products/ugg-girls-bailey-bow-ii-chestnut-sizes-13-4,https://cdn.shopify.com/s/files/1/1974/6675/products/ugg-girls-bailey-bow-ii-chestnut-sizes-13-4-652725-863250_600x600.jpg?v=1635255965
Hunter Original Kids Boot Socks Powder Blue,$25.00,https://tiptopshoes.com/collections/girls/products/hunter-welsock-kids-ltblue,https://cdn.shopify.com/s/files/1/1974/6675/products/hunter-original-kids-boot-socks-powder-blue-404259103015-345035_600x600.jpg?v=1635255121
Hunter Original Kids' Rain Boots Navy,$89.95,https://tiptopshoes.com/collections/girls/products/hunter-org-navy-rubber,https://cdn.shopify.com/s/files/1/1974/6675/products/hunter-original-kids-rain-boots-navy-403492806011-547838_600x600.jpg?v=1653027113
Hunter Original Kids Chelsea Boots Black,$89.95,https://tiptopshoes.com/collections/girls/products/hunter-original-kids-chelsea-boots-black,https://cdn.shopify.com/s/files/1/1974/6675/products/hunter-original-kids-chelsea-boots-black-540464-334363_600x600.jpg?v=1635255108
Hunter Original Kids Boot Socks Yellow,$25.00,https://tiptopshoes.com/collections/girls/products/hunter-welsock-kids-yel,https://cdn.shopify.com/s/files/1/1974/6675/products/hunter-original-kids-boot-socks-yellow-586813-545725_600x600.jpg?v=1635255097
Havaianas Kids Slim Frozen 2 Anna/Elsa,$20.00,https://tiptopshoes.com/collections/girls/products/havaianas-kids-slim-frozen-2-anna-elsa,https://cdn.shopify.com/s/files/1/1974/6675/products/havaianas-kids-slim-frozen-2-annaelsa-960129-897712_600x600.jpg?v=1635255101
Naturino Girl's Catania 62 Black Patent (Sizes 36-38),$79.95,https://tiptopshoes.com/collections/girls/products/naturino-girls-catania-62-black-patent-sizes-36-38,https://cdn.shopify.com/s/files/1/1974/6675/products/naturino-girls-catania-62-black-patent-sizes-36-38-922540-694298_600x600.jpg?v=1635255392
Naturino Girl's Catania 62 Black Patent (Sizes 33-35),$75.00,https://tiptopshoes.com/collections/girls/products/naturino-girls-catania-62-black-patent-sizes-33-35,https://cdn.shopify.com/s/files/1/1974/6675/products/naturino-girls-catania-62-black-patent-sizes-33-35-922519-895786_600x600.jpg?v=1635255402
Naturino Girl's Catania 62 Black Patent (Sizes 27-32),$69.95,https://tiptopshoes.com/collections/girls/products/naturino-girls-catania-62-black-patent-sizes-27-32,https://cdn.shopify.com/s/files/1/1974/6675/products/naturino-girls-catania-62-black-patent-sizes-27-32-922498-403486_600x600.jpg?v=1635255386
Naturino Girl's Catania 61 Black Leather (Sizes 36-38),$85.00,https://tiptopshoes.com/collections/girls/products/naturino-girls-catania-61-black-leather-sizes-36-38,https://cdn.shopify.com/s/files/1/1974/6675/products/naturino-girls-catania-61-black-leather-sizes-36-38-922477-294655_600x600.jpg?v=1635255409
Havaianas Kids Slim Oceano Navy,$29.95,https://tiptopshoes.com/collections/girls/products/havaianas-kids-slim-oceano-navy,https://cdn.shopify.com/s/files/1/1974/6675/products/havaianas-kids-slim-oceano-navy-884363-974737_600x600.jpg?v=1635255111
Havaianas Kids Fantasy Ice Blue Unicorn,$32.00,https://tiptopshoes.com/collections/girls/products/havaianas-kids-fantasy-ice-blue-unicorn,https://cdn.shopify.com/s/files/1/1974/6675/products/havaianas-kids-fantasy-ice-blue-unicorn-884354-851126_600x600.jpg?v=1645904595
Havaianas Girl's Slim Ballet Rose (Sizes 2728-3334),$28.00,https://tiptopshoes.com/collections/girls/products/havaianas-girls-slim-ballet-rose-sizes-2728-3334,https://cdn.shopify.com/s/files/1/1974/6675/products/havaianas-girls-slim-ballet-rose-sizes-2728-3334-884311-846603_600x600.jpg?v=1635255116
Primigi Girl's (28-30) Black/Gold Star Gore-Tex Waterproof,$115.00,https://tiptopshoes.com/collections/girls/products/primigi-girls-28-30-black-gold-star-gore-tex-waterproof,https://cdn.shopify.com/s/files/1/1974/6675/products/primigi-girls-28-30-blackgold-star-gore-tex-waterproof-1078189-tip-top-shoes-of-new-york-787890_600x600.jpg?v=1693291449
Primigi Girl's (Sizes 31-35) Black Mary Jane,$75.00,https://tiptopshoes.com/collections/girls/products/primigi-girls-sizes-31-35-black-mary-jane,https://cdn.shopify.com/s/files/1/1974/6675/products/primigi-girls-sizes-31-35-black-mary-jane-1078219-tip-top-shoes-of-new-york-375371_600x600.jpg?v=1693291452
Primigi Girl's (Sizes 36-40) Black Mary Jane,$79.95,https://tiptopshoes.com/collections/girls/products/primigi-girls-sizes-36-40-black-mary-jane,https://cdn.shopify.com/s/files/1/1974/6675/products/primigi-girls-sizes-36-40-black-mary-jane-1078224-tip-top-shoes-of-new-york-787076_600x600.jpg?v=1693291452
Primigi Girl's (Sizes 28-30) Black Mary Jane,$69.95,https://tiptopshoes.com/collections/girls/products/primigi-girls-sizes-28-30-black-mary-jane,https://cdn.shopify.com/s/files/1/1974/6675/products/primigi-girls-sizes-28-30-black-mary-jane-1078207-tip-top-shoes-of-new-york-461144_600x600.jpg?v=1693291452
Saucony GS (Grade School) Ride 15 Sundown,$75.00,https://tiptopshoes.com/collections/girls/products/saucony-gs-grade-school-ride-15-sundown-1,https://cdn.shopify.com/s/files/1/1974/6675/products/saucony-gs-grade-school-ride-15-sundown-1074914-tip-top-shoes-of-new-york-998270_600x600.jpg?v=1690490641
Saucony GS (Grade School) Endorphin KDZ Blue/Green,$75.00,https://tiptopshoes.com/collections/girls/products/saucony-gs-grade-school-endorphin-kdz-blue-green,https://cdn.shopify.com/s/files/1/1974/6675/products/saucony-gs-grade-school-endorphin-kdz-bluegreen-1074905-tip-top-shoes-of-new-york-699522_600x600.jpg?v=1690490640
Merrell GS (Grade School) Moab Speed Dusty Pink Olive Waterproof,$69.95,https://tiptopshoes.com/collections/girls/products/merrell-gs-grade-school-moab-speed-dusty-pink-olive-waterproof,https://cdn.shopify.com/s/files/1/1974/6675/products/merrell-gs-grade-school-moab-speed-dusty-pink-olive-waterproof-1074801-tip-top-shoes-of-new-york-922516_600x600.jpg?v=1690663156
Skechers PS Twi Lites 2.0 Hi Top 314453LPKMT,$65.00,https://tiptopshoes.com/collections/girls/products/skechers-ps-twi-lites-2-0-hi-top-314453lpkmt,https://cdn.shopify.com/s/files/1/1974/6675/products/skechers-ps-twi-lites-20-hi-top-314453lpkmt-1081837-tip-top-shoes-of-new-york-277176_600x600.jpg?v=1690490657
Skechers PS (Preschool) Twinkle Toes: Twinkle Sparks - Shimmer Stars,$55.00,https://tiptopshoes.com/collections/girls/products/skechers-ps-preschool-twinkle-toes-twinkle-sparks-shimmer-stars,https://cdn.shopify.com/s/files/1/1974/6675/products/skechers-ps-preschool-twinkle-toes-twinkle-sparks-shimmer-stars-1081823-tip-top-shoes-of-new-york-554468_600x600.jpg?v=1695805997
Skechers PS (Preschool) S Lights-Princess Wishes Lavender Multi,$59.95,https://tiptopshoes.com/collections/girls/products/skechers-ps-preschool-s-lights-princess-wishes-lavender-multi,https://cdn.shopify.com/s/files/1/1974/6675/products/skechers-ps-preschool-s-lights-princess-wishes-lavender-multi-1081771-tip-top-shoes-of-new-york-182674_600x600.jpg?v=1690490652
Skechers Preschool S-Lights Wavy Beams 302338LNVMT,$55.00,https://tiptopshoes.com/collections/girls/products/skechers-preschool-s-lights-wavy-beams-302338lnvmt,https://cdn.shopify.com/s/files/1/1974/6675/products/skechers-preschool-s-lights-wavy-beams-302338lnvmt-1081745-tip-top-shoes-of-new-york-287074_600x600.jpg?v=1690490643
Skechers PS (Preschool) S Lights Wavy Beams 302338LBKMT,$55.00,https://tiptopshoes.com/collections/girls/products/skechers-ps-preschool-s-lights-wavy-beams-302338lbkmt,https://cdn.shopify.com/s/files/1/1974/6675/products/skechers-ps-preschool-s-lights-wavy-beams-302338lbkmt-1081732-tip-top-shoes-of-new-york-870489_600x600.jpg?v=1690490646
Steve Madden Girl's GS (Grade School) J-Quirky Hi-Top Silver Multi,$65.00,https://tiptopshoes.com/collections/girls/products/steve-madden-girls-gs-grade-school-j-quirky-hi-top-silver-multi,https://cdn.shopify.com/s/files/1/1974/6675/products/steve-madden-girls-gs-grade-school-j-quirky-hi-top-silver-multi-1079721-tip-top-shoes-of-new-york-532719_600x600.jpg?v=1687466232
Steve Madden Girl's JQueen White Multi,$59.95,https://tiptopshoes.com/collections/girls/products/steve-madden-girls-gs-grade-school-jqueen-white-multi,https://cdn.shopify.com/s/files/1/1974/6675/products/steve-madden-girls-gs-grade-school-jqueen-white-multi-1079712-tip-top-shoes-of-new-york-843455_600x600.jpg?v=1686768077
Havaianas Girl's GS (Grade School) Flores Green Garden,$26.00,https://tiptopshoes.com/collections/girls/products/havaianas-girls-gs-grade-school-flores-green-garden,https://cdn.shopify.com/s/files/1/1974/6675/products/havaianas-girls-gs-grade-school-flores-green-garden-1074064-tip-top-shoes-of-new-york-382170_600x600.jpg?v=1686766832
Steve Madden Girl's JFlyer Black,$69.95,https://tiptopshoes.com/collections/girls/products/steve-madden-girls-jflyer-black,https://cdn.shopify.com/s/files/1/1974/6675/products/steve-madden-girls-jflyer-black-1079750-tip-top-shoes-of-new-york-598929_600x600.jpg?v=1690664000
Steve Madden Girl's JFigaro Pewter,$65.00,https://tiptopshoes.com/collections/girls/products/steve-madden-girls-jfigaro-pewter,https://cdn.shopify.com/s/files/1/1974/6675/products/steve-madden-girls-jfigaro-pewter-1079742-tip-top-shoes-of-new-york-797455_600x600.jpg?v=1690490756
Steve Madden Girl's JHazel Black,$69.95,https://tiptopshoes.com/collections/girls/products/steve-madden-girls-jhazel-black,https://cdn.shopify.com/s/files/1/1974/6675/products/steve-madden-girls-jhazel-black-1079731-tip-top-shoes-of-new-york-585272_600x600.jpg?v=1690490755
Steve Madden Girl's JWinston Gasoline,$65.00,https://tiptopshoes.com/collections/girls/products/steve-madden-girls-jwinston-gasoline,https://cdn.shopify.com/s/files/1/1974/6675/products/steve-madden-girls-jwinston-gasoline-1079704-tip-top-shoes-of-new-york-850930_600x600.jpg?v=1692396110
Steve Madden Girl's Charly Woven White/Multi,$59.95,https://tiptopshoes.com/collections/girls/products/steve-madden-girls-charly-woven-white-multi,https://cdn.shopify.com/s/files/1/1974/6675/products/steve-madden-girls-charly-woven-whitemulti-1079696-tip-top-shoes-of-new-york-470426_600x600.jpg?v=1689016020
Vintage Havana Girl's Ellis Silver,$79.95,https://tiptopshoes.com/collections/girls/products/vintage-havana-girls-ellis-silver,https://cdn.shopify.com/s/files/1/1974/6675/products/vintage-havana-girls-ellis-silver-1079119-tip-top-shoes-of-new-york-954951_600x600.jpg?v=1681355634
Vintage Havana Girl's Renee Hot Pink,$79.95,https://tiptopshoes.com/collections/girls/products/vintage-havana-girls-renee-hot-pink,https://cdn.shopify.com/s/files/1/1974/6675/products/vintage-havana-girls-renee-hot-pink-1079110-tip-top-shoes-of-new-york-600246_600x600.jpg?v=1681355635
Lurchi Girl's (Sizes 25-32) Noah Barefoot Fuschia,$99.95,https://tiptopshoes.com/collections/girls/products/lurchi-girls-sizes-25-32-noah-barefoot-fuschia,https://cdn.shopify.com/s/files/1/1974/6675/products/lurchi-girls-sizes-25-32-noah-barefoot-fuschia-5018127-tip-top-shoes-of-new-york-478846_600x600.jpg?v=1679956021
Saucony Girl's Kinvara 14 A/C Light Blue,$65.00,https://tiptopshoes.com/collections/girls/products/saucony-girls-kinvara-14-a-c-light-blue,https://cdn.shopify.com/s/files/1/1974/6675/products/saucony-girls-kinvara-14-light-blue-1070112-tip-top-shoes-of-new-york-291913_600x600.jpg?v=1677686992
Naturino Girl's (Sizes 33-38) Sylty Black Waterproof,$115.00,https://tiptopshoes.com/collections/girls/products/naturino-girls-sizes-33-38-sylty-black-waterproof,https://cdn.shopify.com/s/files/1/1974/6675/products/naturino-girls-sizes-33-38-sylty-black-waterproof-1078942-tip-top-shoes-of-new-york-112630_600x600.jpg?v=1700660621
Naturino Girl's (Sizes 33-35) Riley Platinum Waterproof,$95.00,https://tiptopshoes.com/collections/girls/products/naturino-girls-sizes-33-35-riley-platinum-waterproof,https://cdn.shopify.com/s/files/1/1974/6675/products/naturino-girls-sizes-33-35-riley-platinum-waterproof-1078928-tip-top-shoes-of-new-york-901524_600x600.jpg?v=1696931341
Naturino (Sizes 28-32) Riley Platinum Waterproof,$89.95,https://tiptopshoes.com/collections/girls/products/naturino-sizes-28-32-riley-platinum-waterproof,https://cdn.shopify.com/s/files/1/1974/6675/products/naturino-sizes-28-32-riley-platinum-waterproof-1078914-tip-top-shoes-of-new-york-412984_600x600.jpg?v=1693638009
Naturino Girl's (Sizes 28-32) Gemina Low Rose Waterproof,$89.95,https://tiptopshoes.com/collections/girls/products/naturino-girls-sizes-28-32-gemina-low-rose-waterproof,https://cdn.shopify.com/s/files/1/1974/6675/products/naturino-girls-sizes-28-32-gemina-low-rose-waterproof-1078905-tip-top-shoes-of-new-york-664306_600x600.jpg?v=1695805414
Geox Girl's (Sizes 28-32) Sprintye Coral,$75.00,https://tiptopshoes.com/collections/girls/products/geox-girls-sizes-28-32-sprintye-coral,https://cdn.shopify.com/s/files/1/1974/6675/products/geox-girls-sizes-28-32-sprintye-coral-1078691-tip-top-shoes-of-new-york-849150_600x600.jpg?v=1677162159
Geox Girl's (Sizes 28-32) Sprintye Navy/Coral,$75.00,https://tiptopshoes.com/collections/girls/products/geox-girls-sizes-28-32-sprintye-navy-coral,https://cdn.shopify.com/s/files/1/1974/6675/products/geox-girls-sizes-28-32-sprintye-navycoral-1078683-tip-top-shoes-of-new-york-327104_600x600.jpg?v=1677162159
Steve Madden Girl's J Crazy Multi,$59.95,https://tiptopshoes.com/collections/girls/products/steve-madden-girls-j-crazy-multi,https://cdn.shopify.com/s/files/1/1974/6675/products/steve-madden-girls-j-crazy-multi-1074688-tip-top-shoes-of-new-york-480374_600x600.jpg?v=1678212229
Steve Madden Girl's JSammie Black,$55.00,https://tiptopshoes.com/collections/girls/products/steve-madden-girls-jsammie-black,https://cdn.shopify.com/s/files/1/1974/6675/products/steve-madden-girls-jsammie-black-1074679-tip-top-shoes-of-new-york-872272_600x600.jpg?v=1676202658
Steve Madden Girl's JSammie Blush,$55.00,https://tiptopshoes.com/collections/girls/products/steve-madden-girls-jsammie-blush,https://cdn.shopify.com/s/files/1/1974/6675/products/steve-madden-girls-jsammie-blush-1074670-tip-top-shoes-of-new-york-763886_600x600.jpg?v=1676202659
Naturino Girl's (Sizes 27-32) Glarny Platinum Suede Glitter Bootie,$85.00,https://tiptopshoes.com/collections/girls/products/naturino-girls-sizes-27-32-glarny-platinum-suede-glitter-bootie,https://cdn.shopify.com/s/files/1/1974/6675/products/naturino-girls-sizes-27-32-glarny-platinum-suede-glitter-bootie-1078569-tip-top-shoes-of-new-york-282230_600x600.jpg?v=1699012335
Naturino Girl's (Sizes 33-35) Annie Metallic Glitter/Star,$95.00,https://tiptopshoes.com/collections/girls/products/naturino-girls-sizes-33-35-annie-metallic-glitter-star,https://cdn.shopify.com/s/files/1/1974/6675/products/naturino-girls-sizes-33-35-annie-metallic-glitterstar-1078548-tip-top-shoes-of-new-york-786417_600x600.jpg?v=1692395614
Naturino Girl's (Sizes 29-32) Annie Metallic Glitter/Star,$85.00,https://tiptopshoes.com/collections/girls/products/naturino-girls-sizes-29-32-annie-metallic-glitter-star,https://cdn.shopify.com/s/files/1/1974/6675/products/naturino-girls-sizes-29-32-annie-metallic-glitterstar-1078535-tip-top-shoes-of-new-york-966987_600x600.jpg?v=1692395614
Naturino Girl's (Sizes 33-35) Barnett Black Naplak,$115.00,https://tiptopshoes.com/collections/girls/products/naturino-girls-sizes-33-35-barnett-black-naplak,https://cdn.shopify.com/s/files/1/1974/6675/products/naturino-girls-sizes-33-35-barnett-black-naplak-1078530-tip-top-shoes-of-new-york-669536_600x600.jpg?v=1699012332
Naturino Girl's (Sizes 33-35) Hippyhoppy Black Naplak,$89.95,https://tiptopshoes.com/collections/girls/products/naturino-girls-sizes-33-35-hippyhoppy-black-naplak,https://cdn.shopify.com/s/files/1/1974/6675/products/naturino-girls-sizes-33-35-hippyhoppy-black-naplak-1078485-tip-top-shoes-of-new-york-433474_600x600.jpg?v=1690490196
Naturino Girl's (Sizes 3-33) Frollik Silver Patent/Sparkle,$65.00,https://tiptopshoes.com/collections/girls/products/naturino-girls-sizes-3-33-frollik-silver-patent-sparkle,https://cdn.shopify.com/s/files/1/1974/6675/products/naturino-girls-sizes-3-33-frollik-silver-patentsparkle-1078438-tip-top-shoes-of-new-york-265118_600x600.jpg?v=1690316917
Naturino Girl's (Sizes 34-38) Hiuma Black/Silver Studs,$89.95,https://tiptopshoes.com/collections/girls/products/naturino-girls-sizes-34-38-hiuma-black-silver-studs,https://cdn.shopify.com/s/files/1/1974/6675/products/naturino-girls-sizes-34-38-hiuma-blacksilver-studs-1078413-tip-top-shoes-of-new-york-494796_600x600.jpg?v=1695805409
Vans PS (Preschool) SK8-Hi White Glitter,$59.95,https://tiptopshoes.com/collections/girls/products/vans-ps-preschool-sk8-hi-white-glitter,https://cdn.shopify.com/s/files/1/1974/6675/products/vans-ps-preschool-sk8-hi-white-glitter-1072183-tip-top-shoes-of-new-york-287100_600x600.jpg?v=1676203086
Vans PS (Preschool) Old Skool Rose Camo,$49.95,https://tiptopshoes.com/collections/girls/products/vans-ps-preschool-old-skool-rose-camo,https://cdn.shopify.com/s/files/1/1974/6675/products/vans-ps-preschool-old-skool-rose-camo-1072172-tip-top-shoes-of-new-york-112218_600x600.jpg?v=1676203087
Vans PS (Preschool) Old Skool V Canal Blue,$55.00,https://tiptopshoes.com/collections/girls/products/vans-ps-preschool-old-skool-v-canal-blue,https://cdn.shopify.com/s/files/1/1974/6675/products/vans-ps-preschool-old-skool-v-canal-blue-1072131-tip-top-shoes-of-new-york-671933_600x600.jpg?v=1676203085
Primigi Girl's (Sizes 31-35) Navy/Purple Mid Gore-Tex,$109.95,https://tiptopshoes.com/collections/girls/products/primigi-girls-sizes-31-35-navy-purple-mid-gore-tex,https://cdn.shopify.com/s/files/1/1974/6675/products/primigi-girls-sizes-31-35-navypurple-mid-gore-tex-1078039-tip-top-shoes-of-new-york-219476_600x600.jpg?v=1696931550
Old Soles Girl's Team-Star Snow/Pink/Black,$79.95,https://tiptopshoes.com/collections/girls/products/old-soles-girls-team-star-snow-pink-black,https://cdn.shopify.com/s/files/1/1974/6675/products/old-soles-girls-team-star-snowpinkblack-1077883-tip-top-shoes-of-new-york-473080_600x600.jpg?v=1692655618
Nina Girl's Prisila Black,$65.00,https://tiptopshoes.com/collections/girls/products/nina-girls-prisila-black,https://cdn.shopify.com/s/files/1/1974/6675/products/nina-girls-prisila-black-1077813-tip-top-shoes-of-new-york-634888_600x600.jpg?v=1692395798
